# Host: localhost  (Version 5.7.21-log)
# Date: 2021-07-07 15:35:58
# Generator: MySQL-Front 6.1  (Build 1.26)


#
# Structure for table "tb_article"
#

CREATE TABLE `tb_article` (
  `id` int(11) NOT NULL AUTO_INCREMENT,
  `articlename` varchar(255) DEFAULT NULL,
  `author` varchar(255) DEFAULT NULL COMMENT '作者，可以是编者也可以是转载',
  `introduction` varchar(255) DEFAULT NULL COMMENT '简介',
  `info` text COMMENT '内容',
  `state` int(11) DEFAULT NULL COMMENT '状态',
  `articletype` varchar(255) DEFAULT NULL COMMENT '文章属性,分咨询，文章，素材',
  `fristtime` varchar(255) DEFAULT NULL COMMENT '最开始时间',
  `endtime` varchar(255) DEFAULT NULL COMMENT '最后编辑时间',
  `filepath` varchar(255) DEFAULT NULL COMMENT '附件地址',
  `editor` varchar(255) DEFAULT NULL COMMENT '编者',
  PRIMARY KEY (`id`)
) ENGINE=InnoDB AUTO_INCREMENT=18 DEFAULT CHARSET=utf8 ROW_FORMAT=DYNAMIC COMMENT='课程项目';

#
# Data for table "tb_article"
#

INSERT INTO `tb_article` VALUES (1,'19号笔刷','达达','对于使用photoshop CS5和CS6绘画时没有19号笔刷、但又不会设置笔刷的朋友，就从之前的版本单独整理出这个笔刷出来分享','<p>对于使用<span>photoshop CS5和CS6绘画时没有19号笔刷、但又不会设置笔刷的朋友，就从之前的版本单独整理出这个笔刷出来分享</span></p><p></p><p><img src=\"/upload/upload/images/2021-06-152021-01-31arqua_226.jpg\" alt=\"2021-06-152021-01-31arqua_226.jpg\"><br></p><p><span>首先打开PS，在工具栏里面选择画笔工具或者直接按快捷键“B”，在选择工具后，可以看到，点击左上角之后会出现一个画笔列表，那么19号笔刷，我们需要通过点击右上角列表中的“大小可调的圆形笔刷”来载入。</span></p><p>接下来我们来看看19号画笔的功能</p><p></p><p>第一：它可以平涂和厚涂色块，能把颜色画干净，平涂色块的时候要注意笔不能离开数位板，并且保持力度的均衡，一旦松开手，再画时会出现笔触重叠而使画面变花变脏，所以切记一笔一笔的画颜色哦，在厚涂的时候呢，我们为了丰富颜色，可以把符合审美的颜色揉进画面当中，加冷暖加变化。</p><p style=\"text-align: center;\"><br></p><p>第二：它可以做出非常自然的颜色渐变过度，我们可以用笔的力度的轻重，来控制颜色的深浅，慢慢的过度均匀，但是这样一笔一笔来画出渐变的效果还是有些浪费时间的，这时候，我们点击右键，在画笔列表中可以看到有硬度的选项，19号笔刷默认的硬度是100%，百分比越小画笔的边缘就会越柔和，可以根据不同材质的物体所需要的过度效果来调节哦，如果吧硬度调到0%，我们就可以轻松的画出球体和圆柱渐变的颜色了，当然这种方式还可以用在很多其他的地方，比如皮肤等等~~~</p><p style=\"text-align: center;\"><br></p><p>第三：它可以利用笔刷透明功能弱化结构和统一色块，不知道小伙伴有没有遇到过这样的情况，就是在一幅画中画了好多个物件摆放在一起的时候，却要看不出物体的空间关系，那这时候为了强化视觉中心，我们可以利用19号笔刷的透明功能吸取背景的颜色，轻轻的画在中间物体和其他周围物体中间，虚化哪些不重要的地方，这样就可以很好的拉出物体的前后关系啦，同时也能让你的主体物变得更清晰明确哦。</p><p style=\"text-align: center;\"><br></p><p>除了以上这些，我们还可以利用19号笔刷做出各种材质和特效的效果，比如金属、石头、木头或者是发光的效果等等都可以用19好笔刷来完成哦。</p><p style=\"text-align: center;\"><br></p><p>我们还可以点击快捷键“F5\"调出画设置的界面，就可以把笔刷调出很多不可思议的效果哦，比如把硬度的形状状态的最小直径调到0%，画笔笔尖的形状间距调到1%，然后吧画笔的形状压扁，并且改变角度，就可以画出头发丝的效果啦，变粗一点的话还可以画出类似飘带的效果，如果恢复画笔的形状，把画笔笔尖的形状间距调大硬度调到0%，就可以画出连续光球的效果，那么吧传递关掉，调整好间距个形状动态的最小直径，就可以画出珍珠项链的效果哦，还有很多其他的效果大家可以直径去尝试调节哦。</p><p style=\"text-align: center;\"><br></p><p>最后我们给19号笔刷做个总结吧，1.CG绘画中19号笔刷被广泛用来平涂和厚涂；2.19号笔刷可以做出很自然的渐变过度效果，弱化结构统一色块；3.19号笔刷还可以做出各种特殊笔刷的效果。总的来说练好19号笔刷就练好了所有笔刷的基本应用。</p><p style=\"text-align: center;\"><br></p><p>学画画，本就不是一件轻松的事情，所以大家要努力坚持，努力的去克服各种困难！加油吧~！赠人玫瑰手有余香，祝您好运一生一世，如果你觉得有用，请点赞转发，谢谢^_^!</p><p><span><br><br></span></p>',1,'素材','2021-02-08','2021-06-15','/upload/file/2021-06-152021-02-0819pan.rar','1002'),(2,NULL,NULL,NULL,NULL,3,NULL,NULL,NULL,NULL,'1003'),(4,'你知道绘画初学者在自学中常见的误区吗？','转载自轻微课','你知道绘画初学者在自学中常见的误区吗？其实很多人都是想用一颗单纯的心去学画画的，除了看到一些容易看不合理的画面，比如漂亮的小姐姐，帅气的小哥哥画面，霸气的机甲，神奇的场景效果等等。','<p></p><div class=\"share-list\" style=\"text-align: start;\"></div><p></p><div class=\"article-detail-js article-detail-content\" style=\"text-align: start;\"><div><p>&nbsp;&nbsp;<strong>&nbsp;</strong><strong>你知道绘画初学者在自学中常见的误区吗？</strong>其实很多人都是想用一颗单纯的心去学画画的，除了看到一些容易看不合理的画面，比如漂亮的小姐姐，帅气的小哥哥画面，霸气的机甲，神奇的场景效果等等。为了帮助有兴趣的朋友理解<span style=\"text-align: justify;\">大多数人会选择</span><a href=\"https://www.qingwk.com/\" title=\"https://www.qingwk.com/\">绘画培训</a><span style=\"text-align: justify;\">机构，那么今天小编就带大家来</span><span style=\"text-align: justify;\">看看</span>你知道绘画初学者在自学中常见的误区吗？<img src=\"https://img.qingwk.com/images/cover/global/2021/06/15/146929_40092968481_300x200.jpg\" alt=\"你知道绘画初学者在自学中常见的误区吗？\"></p><p><br></p><p>&nbsp; &nbsp; &nbsp;&nbsp;<strong>&nbsp;</strong>自学画画是个漫长和不断进步的过程，好的方法与及时避免误区尤其重要。迷信速成类：自学画画3个月学会人体绰绰有余！连小姐姐都画不好，我怎么能说自己爱她，这些场景太好看了，我全都要练求大神教程，要求能一点就通的那种！</p><p><br></p><p style=\"text-align: center;\"><img src=\"https://img.qingwk.com/images/resource/global/2021/06/15/146904_60390421258_at1280x1000.jpg\" alt=\"你知道绘画初学者在自学中常见的误区吗？\" width=\"600\" height=\"400\" title=\"你知道绘画初学者在自学中常见的误区吗？\" data-original=\"//img.qingwk.com/images/resource/global/2021/06/15/146904_60390421258_at.jpg\"></p><p style=\"text-align: center;\">图一：你知道绘画初学者在自学中常见的误区吗？</p><p><br></p><p>&nbsp; &nbsp; &nbsp; &nbsp;学习几周后；诶，人体我画了那么多，还练了不少速写，为什么丝毫没有进步？我去，这小姐姐连我自己都爱不起来，网上的那些教程和我想要练的有什么关系嘛，我看看别的去，太坑人了吧这教程给的，练了之后还不如原来画得好看了！<br></p><p><br></p><p style=\"text-align: center;\"><img src=\"https://img.qingwk.com/images/resource/global/2021/06/15/146669_62666941291_at1280x1000.jpg\" alt=\"你知道绘画初学者在自学中常见的误区吗？\" width=\"600\" height=\"400\" title=\"你知道绘画初学者在自学中常见的误区吗？\" data-original=\"//img.qingwk.com/images/resource/global/2021/06/15/146669_62666941291_at.jpg\"></p><p style=\"text-align: center;\"><span style=\"text-align: center;\">图二：</span><span style=\"text-align: center;\">你知道绘画初学者在自学中常见的误区吗？</span></p><p><br></p><p>&nbsp; &nbsp; &nbsp; &nbsp;问题总结：这种抱着三分钟热度，幻想很短的时间就能一步登天的人，真的不在少数。带着为爱发电这种很单薄的梦想，却根本不知道自己需要付出什么样的努力，这些同学也从不会意识到问题的症结，在于自己不够坚持而是把本来应该努力的时间，用在了其他虚幻缥缈的东西上这样，岂有成功之理？</p><p><br></p><p style=\"text-align: justify;\">&nbsp; &nbsp; &nbsp;&nbsp;<strong>&nbsp;</strong>由此可见，想要学好绘画轻微课确实是个不错的选择，感兴趣的小伙伴们还可以到他们的官网，通过在线咨询的方式获取跟多与学习相关的信息与内容哟！如果你想快速提升自己的绘画水平，且绝对不怕辛苦，欢迎挑战轻微课魔鬼特训班，体验魔鬼式绘画集训入口：<a href=\"https://www.qingwk.com/school/\" title=\"https://www.qingwk.com/school/\">https://www.qingwk.com/school/</a></p><p style=\"text-align: justify;\">&nbsp;</p><p style=\"text-align: justify;\">&nbsp; &nbsp; &nbsp;&nbsp;<strong>&nbsp;</strong>如果想要学习了解更多<a href=\"https://www.qingwk.com/article/jiaocheng\" title=\"https://www.qingwk.com/article/jiaocheng\">绘画教程</a>以及画师接单、求职经验的话，也可以下载“轻微课APP”，里面有大量的绘画学习资源、教程、素材和老师经验分享等，学习接单更方便！</p><p style=\"text-align: justify;\">&nbsp;</p><p style=\"text-align: center;\"><img src=\"https://img.qingwk.com/images/resource/global/2021/06/15/146463_59246320329_at1280x1000.jpg\" alt=\"你知道绘画初学者在自学中常见的误区吗？\" width=\"600\" height=\"400\" title=\"你知道绘画初学者在自学中常见的误区吗？\" data-original=\"//img.qingwk.com/images/resource/global/2021/06/15/146463_59246320329_at.jpg\"></p><p style=\"text-align: center;\">图三：你知道绘画初学者在自学中常见的误区吗？</p><p style=\"text-align: center;\"><strong><span>以上图片源于韩国画师JUNA★的插画作品</span></strong></p><p><strong><span>&nbsp;</span></strong></p><p style=\"text-align: justify;\">那么今天的<strong><span style=\"text-align: center;\">你知道绘画初学者在自学中常见的误区吗？</span></strong>就分享结束啦！学绘画一定要多看、多练、多思考，希望大家都能够早日成为大神。这里微课菌也给大家推荐一些轻微课的视频教程：<a href=\"https://www.qingwk.com/course/detail/10581\" title=\"https://www.qingwk.com/course/detail/10581\">萌新绘画认知及入门</a>，快来看看吧！</p></div><div class=\"disclaimer\">免责声明：本文内部分内容来自网络，所涉绘画作品及文字版权与著作权归原作者，若有侵权或异议请联系我们处理。</div></div>',1,'文章','2021-06-15','2021-06-15','','1002'),(5,'动漫游戏原画师行业前景好吗？','转载自轻微课','动漫游戏是一种游戏产业。相对于很大一部分动漫行业专业人士来说，他们大多知道游戏原画师在动漫游戏行业的重要性。','<p>　<span>动漫游戏原画师行业前景好吗？</span>动漫游戏是一种游戏产业。相对于很大一部分动漫行业专业人士来说，他们大多知道游戏原画师在动漫游戏行业的重要性。为了帮助有兴趣的朋友理解<span style=\"text-align: justify;\">大多数人会选择</span><a href=\"https://www.qingwk.com/\" title=\"https://www.qingwk.com/\">原画培训</a><span style=\"text-align: justify;\">机构，那么今天小编就带大家来</span><span style=\"text-align: justify;\">看看</span>动漫游戏原画师行业前景好吗？<img src=\"https://img.qingwk.com/images/cover/global/2021/06/15/116422_542262817_300x200.jpg\" alt=\"动漫游戏原画师行业前景好吗？\"></p><p><br></p><p>　　近几年的3D游戏发展，都是需要原画基础，才可以进行游戏人物和场景的设计创作。可以这么说，原画基础好不好直接决定了动漫游戏能不能发展。那游戏原画师在动漫游戏行业的前景究竟好不好呢?</p><p><br></p><p style=\"text-align: center;\"><img src=\"https://img.qingwk.com/images/resource/global/2021/06/15/116178_13017855077_at1280x1000.jpg\" alt=\"动漫游戏原画师行业前景好吗？\" width=\"600\" height=\"555\" title=\"动漫游戏原画师行业前景好吗？\" data-original=\"//img.qingwk.com/images/resource/global/2021/06/15/116178_13017855077_at.jpg\"></p><p style=\"text-align: center;\">图一：动漫游戏原画师行业前景好吗？</p><p><br></p><p>　　在互联网+和粤港澳大湾区的背景下，对于这些游戏原画师来说，也可以有更多的选择，从传统的绘画直接搬到电脑软件当中。这种发展性变革，可以带来诸多的好处，有效提高视觉审美性与想象力。软件实力也为绘画人员赋能，也更加方便作业。更能带动动漫游戏行业的发展。</p><p><br></p><p style=\"text-align: center;\"><img src=\"https://img.qingwk.com/images/resource/global/2021/06/15/116983_11098362601_at1280x1000.jpg\" alt=\"动漫游戏原画师行业前景好吗？\" width=\"600\" height=\"400\" title=\"动漫游戏原画师行业前景好吗？\" data-original=\"//img.qingwk.com/images/resource/global/2021/06/15/116983_11098362601_at.jpg\"></p><p style=\"text-align: center;\">图二：动漫游戏原画师行业前景好吗？</p><p><br></p><p>&nbsp; &nbsp; &nbsp; &nbsp;游戏原画师跟现在网络游戏的每一款游戏都息息相关，而且作为动漫游戏吃香的一个行业，发展是更为有盼头的。市场也缺少这样的人才，如果你觉得毕业后没有方向或者想转行，甚至说作为兴趣爱好，都可以来尝试学一下游戏原画，增加自己的技巧。</p><p><br></p><p style=\"text-align: justify;\">　　今天我们特别推荐下轻微课的魔鬼特训班，如果你想快速提升自己的绘画水平，且绝对不怕辛苦，欢迎挑战轻微课魔鬼特训班，体验魔鬼式绘画集训入口：<a href=\"https://www.qingwk.com/school/\" title=\"https://www.qingwk.com/school/\">https://www.qingwk.com/school/</a></p><p style=\"text-align: justify;\">&nbsp;</p><p style=\"text-align: justify;\">　　如果想要学习了解更多<a href=\"https://www.qingwk.com/article/yuanhua\" title=\"https://www.qingwk.com/article/yuanhua\">原画教程</a>以及画师接单、求职经验的话，也可以下载“轻微课APP”，里面有大量的绘画学习资源、教程、素材和老师经验分享等，学习接单更方便！</p><p style=\"text-align: justify;\">&nbsp;</p><p style=\"text-align: center;\"><img src=\"https://img.qingwk.com/images/resource/global/2021/06/15/116209_9820932686_at1280x1000.jpg\" alt=\"动漫游戏原画师行业前景好吗？\" width=\"600\" height=\"400\" title=\"动漫游戏原画师行业前景好吗？\" data-original=\"//img.qingwk.com/images/resource/global/2021/06/15/116209_9820932686_at.jpg\"></p><p style=\"text-align: center;\">图三：动漫游戏原画师行业前景好吗？</p><p style=\"text-align: center;\"><span><span>以上图片源于日本画师もち的插画作品</span></span></p><p style=\"text-align: center;\"><span><span>&nbsp;</span></span></p><p style=\"text-align: justify;\">那么今天的<span><span style=\"text-align: center;\">动漫游戏原画师行业前景好吗？</span></span>就分享结束啦！学绘画一定要多看、多练、多思考，希望大家都能够早日成为大神。这里微课菌也给大家推荐一些轻微课的视频教程：<a href=\"https://www.qingwk.com/course/detail/10138\" title=\"https://www.qingwk.com/course/detail/10138\">游戏原画中的透视、素描、色彩精讲</a>，快来看看吧！</p>',1,'资讯','2021-06-15','2021-06-15','','1002'),(6,'没有基础学原画设计怎么样？','转载于轻微课','现在的市场上，大家接触过的画风有几种:中国古代设计风格、韩国设计风格、Q版设计风格等。','<div class=\"article-detail-content-box\"><div class=\"article-detail-js article-detail-content\"><div><p><span>没有基础学原画设计怎么样？</span>能养活自己吗？在此之前，轻微课已经分享了日本插画的市场应用，以及日本插画和欧美韩式的区别，所以这一次，轻微课就和大家聊聊:原画设计。为了帮助有兴趣的朋友理解<span style=\"text-align: justify;\">大多数人会选择</span><a href=\"https://www.qingwk.com/\" title=\"https://www.qingwk.com/\">原画培训</a><span style=\"text-align: justify;\">机构，那么今天小编就带大家来</span><span style=\"text-align: justify;\">看看</span>没有基础学原画设计怎么样？<img src=\"https://img.qingwk.com/images/cover/global/2021/06/15/106512_75151239395_300x200.jpg\" alt=\"没有基础学原画设计怎么样？\"></p><p><br></p><p>　　首先，这是一个大家都感兴趣的话题。学原画设计怎么样？能养活自己吗？现在的市场上，大家接触过的画风有几种:中国古代设计风格、韩国设计风格、Q版设计风格等。</p><p><br></p><p style=\"text-align: center;\"><img src=\"https://img.qingwk.com/images/resource/global/2021/06/15/106762_80876229708_at1280x1000.jpg\" alt=\"没有基础学原画设计怎么样？\" width=\"600\" height=\"400\" title=\"没有基础学原画设计怎么样？\" data-original=\"//img.qingwk.com/images/resource/global/2021/06/15/106762_80876229708_at.jpg\"></p><p style=\"text-align: center;\">图一：没有基础学原画设计怎么样？</p><p><br></p><p>　　如果以人物的剪影和装备的逼真度来区分这些风格，中国古代设计风格中人体的比例会略长一些，这样会显得更帅气，更有气质。相比韩文和Q版，剪影不会特别突出，大部分都是由人体结构的剪影形成的。</p><p><br></p><p style=\"text-align: center;\"><img src=\"https://img.qingwk.com/images/resource/global/2021/06/15/106770_7987705134_at1280x1000.jpg\" alt=\"没有基础学原画设计怎么样？\" width=\"600\" height=\"400\" title=\"没有基础学原画设计怎么样？\" data-original=\"//img.qingwk.com/images/resource/global/2021/06/15/106770_7987705134_at.jpg\"></p><p style=\"text-align: center;\">图二：没有基础学原画设计怎么样？</p><p><br></p><p>　　Q版的设计风格典型的是兽战。这种风格在形式上随意夸张，但没有具体的形式和规律。重要的是体现人物的性格。不注重真实性。任何头身比都有可能。他们会尽量在剪影上做一个特别夸张的点，以此来打动和自由设计人物的剪影和外貌。</p><p><br></p><p>　　古风设计不会太夸张。基本上设备结构可以再现现实，找到原型。结构非常合理，有理有据，可以做成COS服装。韩式设计风格，从比例来看，会让头身比例变长，近乎完美。</p><p><br></p><p style=\"text-align: justify;\">　　今天我们特别推荐下轻微课的魔鬼特训班，如果你想快速提升自己的绘画水平，且绝对不怕辛苦，欢迎挑战轻微课魔鬼特训班，体验魔鬼式绘画集训入口：<a href=\"https://www.qingwk.com/school/\" title=\"https://www.qingwk.com/school/\">https://www.qingwk.com/school/</a></p><p style=\"text-align: justify;\">&nbsp;</p><p style=\"text-align: justify;\">　　如果想要学习了解更多<a href=\"https://www.qingwk.com/article/yuanhua\" title=\"https://www.qingwk.com/article/yuanhua\">原画教程</a>以及画师接单、求职经验的话，也可以下载“轻微课APP”，里面有大量的绘画学习资源、教程、素材和老师经验分享等，学习接单更方便！</p><p style=\"text-align: justify;\">&nbsp;</p><p style=\"text-align: center;\"><img src=\"https://img.qingwk.com/images/resource/global/2021/06/15/106748_7857485065_at1280x1000.jpg\" alt=\"没有基础学原画设计怎么样？\" width=\"600\" height=\"400\" title=\"没有基础学原画设计怎么样？\" data-original=\"//img.qingwk.com/images/resource/global/2021/06/15/106748_7857485065_at.jpg\"></p><p style=\"text-align: center;\">图三：没有基础学原画设计怎么样？</p><p style=\"text-align: center;\"><span><span>以上图片源于日本画师ろるあ/Rolua的插画作品</span></span></p><p style=\"text-align: center;\"><span><span>&nbsp;</span></span></p><p style=\"text-align: justify;\">那么今天的<span><span style=\"text-align: center;\">没有基础学原画设计怎么样？</span></span>就分享结束啦！学绘画一定要多看、多练、多思考，希望大家都能够早日成为大神。这里微课菌也给大家推荐一些轻微课的视频教程：<a href=\"https://www.qingwk.com/course/detail/10138\" title=\"https://www.qingwk.com/course/detail/10138\">游戏原画中的透视、素描、色彩精讲</a>，快来看看吧！</p></div><div class=\"disclaimer\">&nbsp;<span class=\"c-share-wx-active\"><span class=\"iconfont icon-pc-weixin\"></span></span>&nbsp;<span class=\"iconfont icon-pc-kongjian\"></span>&nbsp;</div></div></div><div class=\"article-detail-pagination u-clearfix\"><a href=\"https://www.qingwk.com/article/detail-29785.html\"></a></div>',1,'文章','2021-06-15','2021-06-15','','1002'),(7,'50P超高清白云（免抠素材）','转载于轻微课','高清白云素材，不会画云朵的时候，直接使用即可！','<p><span>高清白云素材，不会画云朵的时候，直接使用即可！</span><img src=\"https://img.qingwk.com/images/cover/global/2020/12/05/1512315_73131579464_300x200.jpg\" alt=\"50P超高清白云（免抠素材）\"></p><p><br></p><p><span>复制下方链接打开，即可下载！</span></p><p><br></p><p><span><span>链接：https://pan.baidu.com/s/186iQ5KeHyN8GecfF_mlQYg&nbsp;</span></span></p><p><span><span>提取码：1234&nbsp;</span></span></p><p><br></p><p>素材预览：</p><p><br></p><p><img src=\"https://img.qingwk.com/images/resource/a79/2020/12/05/1512503_6715039749_at1280x1000.png\" title=\"50P超高清白云（免抠素材）\" alt=\"50P超高清白云（免抠素材）\" data-original=\"//img.qingwk.com/images/resource/a79/2020/12/05/1512503_6715039749_at.png\"></p><p><img src=\"https://img.qingwk.com/images/resource/a79/2020/12/05/1512180_67318054929_at1280x1000.png\" title=\"50P超高清白云（免抠素材）\" alt=\"50P超高清白云（免抠素材）\" data-original=\"//img.qingwk.com/images/resource/a79/2020/12/05/1512180_67318054929_at.png\"></p><p><img src=\"https://img.qingwk.com/images/resource/a79/2020/12/05/1512101_67510120043_at1280x1000.png\" title=\"50P超高清白云（免抠素材）\" alt=\"50P超高清白云（免抠素材）\" data-original=\"//img.qingwk.com/images/resource/a79/2020/12/05/1512101_67510120043_at.png\"></p><p><img src=\"https://img.qingwk.com/images/resource/a79/2020/12/05/1512799_67679960323_at1280x1000.png\" title=\"50P超高清白云（免抠素材）\" alt=\"50P超高清白云（免抠素材）\" data-original=\"//img.qingwk.com/images/resource/a79/2020/12/05/1512799_67679960323_at.png\"></p><p><img src=\"https://img.qingwk.com/images/resource/a79/2020/12/05/1512226_67822626479_at1280x1000.png\" title=\"50P超高清白云（免抠素材）\" alt=\"50P超高清白云（免抠素材）\" data-original=\"//img.qingwk.com/images/resource/a79/2020/12/05/1512226_67822626479_at.png\"></p><p><img src=\"https://img.qingwk.com/images/resource/a79/2020/12/05/1512936_68093614603_at1280x1000.png\" title=\"50P超高清白云（免抠素材）\" alt=\"50P超高清白云（免抠素材）\" data-original=\"//img.qingwk.com/images/resource/a79/2020/12/05/1512936_68093614603_at.png\"></p>',1,'素材','2021-06-15','2021-06-15','','1002'),(8,'哪种风格的插画比较适合就业？','来自轻微课','学习如何通过插画赚钱。学好插画如何赚钱？插画的风格有哪些？想必这些都是绘画初学者经常思考的问题','<p><span>哪种风格的插画比较适合就业？</span>学习如何通过插画赚钱。学好插画如何赚钱？插画的风格有哪些？想必这些都是绘画初学者经常思考的问题，就是在没有学好插画之前，不知道市场上流行什么样的插画风格。哪种风格的插画比较适合就业？为了帮助有兴趣的朋友理解<span style=\"text-align: justify;\">大多数人会选择</span><a href=\"https://www.qingwk.com/\" title=\"https://www.qingwk.com/\">插画培训</a><span style=\"text-align: justify;\">机构，那么今天小编就带大家来</span><span style=\"text-align: justify;\">看看</span>哪种风格的插画比较适合就业？</p><p><br></p><p>　　1、涂鸦插画：线形或面形涂鸦风格的插画，特点是张扬随意、年轻大胆，凌乱却有章，简单又粗暴，用于H5宣传海报或部分LOGO设计。</p><p>　　2、描边插画：线面结合的表现形式，在H5中运用的越来越多，同时我认为MBE风格的小插画也属于这个范畴。</p><p><br></p><p style=\"text-align: center;\"><img src=\"https://img.qingwk.com/images/resource/global/2021/06/16/166849_73684948593_at1280x1000.jpg\" alt=\"哪种风格的插画比较适合就业？\" width=\"600\" height=\"400\" title=\"哪种风格的插画比较适合就业？\" data-original=\"//img.qingwk.com/images/resource/global/2021/06/16/166849_73684948593_at.jpg\"></p><p style=\"text-align: center;\">图一：哪种风格的插画比较适合就业？</p><p><br></p><p>　　3、矢量渐变插画：矢量渐变插画以渐变场景插画为代表，色彩或优美柔和，或强烈鲜明，整体感强，美观度高，手机APP开屏页面中会见到这样的插画。</p><p>　　4. 扁平插画：和扁平图标一样，扁平插画是去除了很多质感、纹理，只保留主要特点的一类插画，大色块、简约造型是它的基本特点，在手机APP和网页中比较常见。</p><p><br></p><p style=\"text-align: center;\"><img src=\"https://img.qingwk.com/images/resource/global/2021/06/16/156708_34670818534_at1280x1000.jpg\" alt=\"哪种风格的插画比较适合就业？\" width=\"600\" height=\"400\" title=\"哪种风格的插画比较适合就业？\" data-original=\"//img.qingwk.com/images/resource/global/2021/06/16/156708_34670818534_at.jpg\"></p><p style=\"text-align: center;\">图二：哪种风格的插画比较适合就业？</p><p><br></p><p>　　5、肌理插画：肌理插画本质上还是属于扁平插画的范畴，用颗粒感制造纹理，一般将颗粒应用在受光面和背光面，增加画面的细节和美观性，让画面更加耐看，运营类插画中这一类技法比较常见。</p><p><br></p><p>　　6，手绘插画：手绘插画本身也包含着各种风格，和主体的造型、颜色配比、主题传达息息相关，在开屏页和活动页比较常见。</p><p><br></p><p>　　7，立体插画：从去年开始出现越来越多的2.5D插画，在网页设计、APP启动页比较常见，轻微的透视感增强了画面的趣味性，能更好地进行信息传达。</p><p><br></p><p>　　相信很多插画师刚入行的时候会被企业爸爸或者甲方爸爸多次询问。有的人受不了了，立马辞职走人。但这对于插画学习来说太遗憾了。没有企业经验，没有甲方爸爸无数的修改要求，能成长吗？可以提高自己的技能吗？</p><p><br></p><p style=\"text-align: justify;\">　　今天我们特别推荐下轻微课的魔鬼特训班，如果你想快速提升自己的绘画水平，且绝对不怕辛苦，欢迎挑战轻微课魔鬼特训班，体验魔鬼式绘画集训入口：<a href=\"https://www.qingwk.com/school/\" title=\"https://www.qingwk.com/school/\">https://www.qingwk.com/school/</a></p><p style=\"text-align: justify;\">&nbsp;</p><p style=\"text-align: justify;\">　　如果想要学习了解更多<a href=\"https://www.qingwk.com/article/chahua\" title=\"https://www.qingwk.com/article/chahua\">插画教程</a>以及画师接单、求职经验的话，也可以下载“轻微课APP”，里面有大量的绘画学习资源、教程、素材和老师经验分享等，学习接单更方便！</p><p style=\"text-align: justify;\">&nbsp;</p><p style=\"text-align: center;\"><img src=\"https://img.qingwk.com/images/resource/global/2021/06/16/16679_57107988798_at1280x1000.jpg\" alt=\"哪种风格的插画比较适合就业？\" width=\"600\" height=\"400\" title=\"哪种风格的插画比较适合就业？\" data-original=\"//img.qingwk.com/images/resource/global/2021/06/16/16679_57107988798_at.jpg\"></p><p style=\"text-align: center;\">图三：哪种风格的插画比较适合就业？</p><p style=\"text-align: center;\"><span><span>以上图片源于日本画师banishment的插画作品</span></span></p><p style=\"text-align: center;\"><span><span>&nbsp;</span></span></p><p style=\"text-align: justify;\">那么今天的<span><span style=\"text-align: center;\">哪种风格的插画比较适合就业？</span></span>就分享结束啦！学绘画一定要多看、多练、多思考，希望大家都能够早日成为大神。</p>',1,'资讯','2021-06-16','2021-06-16','','1001'),(9,'动漫插画师需要掌握哪些技能？','来自轻微课','漫画插画师是一个吸引金钱和注意力的职业。漫画插画师就业面广，无论是广告、动漫，出版业，还是成为自由插画师，收入都非常可观。','<p><span>动漫插画师需要掌握哪些技能？</span>漫画插画师是一个吸引金钱和注意力的职业。漫画插画师就业面广，无论是广告、动漫，出版业，还是成为自由插画师，收入都非常可观。成为一名专业漫画家需要哪些技能为了帮助有兴趣的朋友理解<span style=\"text-align: justify;\">大多数人会选择</span><a href=\"https://www.qingwk.com/\" title=\"https://www.qingwk.com/\">插画培训</a><span style=\"text-align: justify;\">机构，那么今天小编就带大家来</span><span style=\"text-align: justify;\">看看</span>动漫插画师需要掌握哪些技能？</p><p><br></p><p>　　第一，扎实的素描功底，素描练习可以提升造型能力和光影塑造能力，对插画创作有重要作用。对于表现插画的层次感、空间感、质感、构图都可以起到一定的作用。</p><p><br></p><p style=\"text-align: center;\"><img src=\"https://img.qingwk.com/images/resource/global/2021/06/16/146865_63786557046_at1280x1000.jpg\" alt=\"动漫插画师需要掌握哪些技能？\" width=\"600\" height=\"400\" title=\"动漫插画师需要掌握哪些技能？\" data-original=\"//img.qingwk.com/images/resource/global/2021/06/16/146865_63786557046_at.jpg\"></p><p style=\"text-align: center;\">图一：动漫插画师需要掌握哪些技能？</p><p><br></p><p>　　第二，掌握色彩的运用。人在观察事物时，首先关注的是事物的颜色，所以颜色是插画中非常重要的一部分，要掌握颜色的基本构成和颜色心理。不同的颜色带来不同的视觉感受，良好的色彩搭配能引起人们的共鸣，产生特殊的情感反应。</p><p><br></p><p style=\"text-align: center;\"><img src=\"https://img.qingwk.com/images/resource/global/2021/06/16/156969_92896970339_at1280x1000.jpg\" alt=\"动漫插画师需要掌握哪些技能？\" width=\"600\" height=\"400\" title=\"动漫插画师需要掌握哪些技能？\" data-original=\"//img.qingwk.com/images/resource/global/2021/06/16/156969_92896970339_at.jpg\"></p><p style=\"text-align: center;\">图二：动漫插画师需要掌握哪些技能？</p><p><br></p><p>　　第三，素描是插画中最实用的练习，是掌握线条、结构、动态、画面的表现力。好的线条可以提高插画的视觉效果。不同的线条有不同的效果。比如短线使画面生动，长线使画面细腻柔和。结构动力学是以每个物体的结构为基础的，必须符合事物的发展规律。</p><p><br></p><p style=\"text-align: justify;\">　　今天我们特别推荐下轻微课的魔鬼特训班，如果你想快速提升自己的绘画水平，且绝对不怕辛苦，欢迎挑战轻微课魔鬼特训班，体验魔鬼式绘画集训入口：<a href=\"https://www.qingwk.com/school/\" title=\"https://www.qingwk.com/school/\">https://www.qingwk.com/school/</a></p><p style=\"text-align: justify;\">&nbsp;</p><p style=\"text-align: justify;\">　　如果想要学习了解更多<a href=\"https://www.qingwk.com/article/chahua\" title=\"https://www.qingwk.com/article/chahua\">插画教程</a>以及画师接单、求职经验的话，也可以下载“轻微课APP”，里面有大量的绘画学习资源、教程、素材和老师经验分享等，学习接单更方便！</p><p style=\"text-align: justify;\">&nbsp;</p><p style=\"text-align: center;\"><img src=\"https://img.qingwk.com/images/resource/global/2021/06/16/156934_43993470951_at1280x1000.jpg\" alt=\"动漫插画师需要掌握哪些技能？\" width=\"600\" height=\"400\" title=\"动漫插画师需要掌握哪些技能？\" data-original=\"//img.qingwk.com/images/resource/global/2021/06/16/156934_43993470951_at.jpg\"></p><p style=\"text-align: center;\">图三：动漫插画师需要掌握哪些技能？</p><p style=\"text-align: center;\"><span><span>以上图片源于日本画师banishment的插画作品</span></span></p><p style=\"text-align: center;\"><span><span>&nbsp;</span></span></p><p style=\"text-align: justify;\">那么今天的<span><span style=\"text-align: center;\">动漫插画师需要掌握哪些技能？</span></span>就分享结束啦！学绘画一定要多看、多练、多思考，希望大家都能够早日成为大神。</p>',1,'资讯','2021-06-16','2021-06-16','','1001'),(10,'画漫画的常用软件有哪些？','来自轻微课','有OpenCanvas、ComicStudio、ArtRage、Illuststudio、clip studio、paint、PS、SAI等等。','<p><span>画漫画的常用软件有哪些？</span>有OpenCanvas、ComicStudio、ArtRage、Illuststudio、clip studio、paint、PS、SAI等等。使用时要根据绘制漫画的要求选择软件工具，这样可以绘制出不同风格和效果的漫画。为了帮助有兴趣的朋友理解<span style=\"text-align: justify;\">大多数人会选择</span><a href=\"https://www.qingwk.com/\" title=\"https://www.qingwk.com/\">动漫培训</a><span style=\"text-align: justify;\">机构，那么今天小编就带大家来</span><span style=\"text-align: justify;\">看看</span>画漫画的常用软件有哪些？</p><p><br></p><p>　　1、OpenCanvas，OpenCanvas是一款让绘画初学者到高级用户都可广泛应用的Windows专用绘图软件。OpenCanvas的功能比较友好，专业性也是很强，善于画出丰富的色彩。使用OpenCanvas可以画出丰富的笔触，是一款非常不错的动漫绘画软件。</p><p><br></p><p style=\"text-align: center;\"><img src=\"https://img.qingwk.com/images/resource/global/2021/06/16/116568_85756825815_at1280x1000.jpg\" alt=\"画漫画的常用软件有哪些？\" width=\"600\" height=\"400\" title=\"画漫画的常用软件有哪些？\" data-original=\"//img.qingwk.com/images/resource/global/2021/06/16/116568_85756825815_at.jpg\"></p><p style=\"text-align: center;\">图一：画漫画的常用软件有哪些？</p><p><br></p><p>　　2、ComicStudio，ComicStudio被称为漫画设计行业的Photoshop，Comic Studio是专属于绘制黑白漫画的软件，不适合用于绘制插画和彩漫。Comic Studio在绘制黑白漫画是特别专业的，有许多黑白漫画绘制的功能。ComicStudio可以模拟很多漫画专用笔触和技法，如直接勾画草图、增加画面集中线、网点背景库等等。ComicStudio把漫画的绘画技法整合到软件内，它就是专门为了画漫画而生的。</p><p><br></p><p>　　3、ArtRage，ArtRage模仿很多笔触，有油画笔、铅笔、箱头笔、粉彩画笔、油画笔、蜡笔等笔刷，还有刮刀和松节油等专用工具。</p><p><br></p><p style=\"text-align: center;\"><img src=\"https://img.qingwk.com/images/resource/global/2021/06/16/116920_45692096711_at1280x1000.jpg\" alt=\"画漫画的常用软件有哪些？\" width=\"600\" height=\"400\" title=\"画漫画的常用软件有哪些？\" data-original=\"//img.qingwk.com/images/resource/global/2021/06/16/116920_45692096711_at.jpg\"></p><p style=\"text-align: center;\">图二：画漫画的常用软件有哪些？</p><p><br></p><p>　　4、Photoshop，Photoshop是非常有名气的，可以说是家喻户晓。Photoshop不仅可以做设计，还可以画画。<br></p><p><br></p><p>　　5、Painter，Painter是一块绘画软件，号称全世界功能最强大的自然绘图软件，非常适合绘制卡通漫画。其特点在于能模拟很多画笔的效果，Painter可以配合数位板使用会更好。</p><p><br></p><p>　　6、SAI，SAI十分地简单易学，但是SAI是专用于绘制插画的软件，不适合绘制漫画。板绘新人可以使用，不用太复杂的教学就能灵活使用。这可以使用SAI软件来画漫画，打开SAI软件，然后新建图层，可以模仿好的漫画作品，来绘画漫画，提高自己的漫画绘画水平。</p><p><br></p><p style=\"text-align: justify;\">　　今天我们特别推荐下轻微课的魔鬼特训班，如果你想快速提升自己的绘画水平，且绝对不怕辛苦，欢迎挑战轻微课魔鬼特训班，体验魔鬼式绘画集训入口：<a href=\"https://www.qingwk.com/school/\" title=\"https://www.qingwk.com/school/\">https://www.qingwk.com/school/</a></p><p style=\"text-align: justify;\">&nbsp;</p><p style=\"text-align: justify;\">　　如果想要学习了解更多<a href=\"https://www.qingwk.com/article/dongman\" title=\"https://www.qingwk.com/article/dongman\">动漫教程</a>以及画师接单、求职经验的话，也可以下载“轻微课APP”，里面有大量的绘画学习资源、教程、素材和老师经验分享等，学习接单更方便！</p><p style=\"text-align: justify;\">&nbsp;</p><p style=\"text-align: center;\"><img src=\"https://img.qingwk.com/images/resource/global/2021/06/16/116798_4487988127_at1280x1000.jpg\" alt=\"画漫画的常用软件有哪些？\" width=\"600\" height=\"400\" title=\"画漫画的常用软件有哪些？\" data-original=\"//img.qingwk.com/images/resource/global/2021/06/16/116798_4487988127_at.jpg\"></p><p style=\"text-align: center;\">图三：画漫画的常用软件有哪些？</p><p style=\"text-align: center;\"><span><span>以上图片源于韩国画师青みかん的插画作品</span></span></p><p style=\"text-align: center;\"><span><span>&nbsp;</span></span></p><p style=\"text-align: justify;\">那么今天的<span><span style=\"text-align: center;\">画漫画的常用软件有哪些？</span></span>就分享结束啦！学绘画一定要多看、多练、多思考，希望大家都能够早日成为大神。</p>',1,'资讯','2021-06-16','2021-06-16','','1001'),(11,'学动漫设计有前途吗？','来自轻微课','现在，动漫出现在我们生活中的频率越来越高，尤其是年轻朋友非常喜欢动漫，所以越来越多的人学习动漫。','<div class=\"article-detail-content-box\"><div class=\"article-detail-js article-detail-content\"><div><p><span>学动漫设计有前途吗？</span>现在，动漫出现在我们生活中的频率越来越高，尤其是年轻朋友非常喜欢动漫，所以越来越多的人学习动漫。但是现在学动漫设计有前途吗？我们现在来看看。为了帮助有兴趣的朋友理解<span style=\"text-align: justify;\">大多数人会选择</span><a href=\"https://www.qingwk.com/\" title=\"https://www.qingwk.com/\">动漫培训</a><span style=\"text-align: justify;\">机构，那么今天小编就带大家来</span><span style=\"text-align: justify;\">看看</span>学动漫设计有前途吗？</p><p><br></p><p>　　1、二维动画设计师：在动画产品的设计过程中，2D动画设计师具有丰厚的想象力，厚实的艺术技巧，并且知道如何使用各种设计软件，使他可以很好地了解待开发的产品商场，然后设计出一种高质量的产品更符合公众的口味。许多学习动画设计的学生毕业后都在这个领域工作，收入相当可观。</p><p><br></p><p style=\"text-align: center;\"><img src=\"https://img.qingwk.com/images/resource/global/2021/06/09/176380_97938082299_at1280x1000.jpg\" alt=\"学动漫设计有前途吗？\" width=\"800\" height=\"555\" title=\"学动漫设计有前途吗？\" data-original=\"//img.qingwk.com/images/resource/global/2021/06/09/176380_97938082299_at.jpg\"></p><p style=\"text-align: center;\">图一：学动漫设计有前途吗？</p><p><br></p><p>　　2、原画师：原始艺术师担任以绘画的形式展现故事发展中的关键帧。由经验丰厚的原创艺术师和新手原创艺术师绘制的关键帧在吸引力和张力方面展现了不同的故事。故事越精彩，它就越有吸引力。如果你是零根底小白，并想成为一名原创画师，不妨报名参加，从根底学习，需要尽力，就会有收获。</p><p><br></p><p>　　3、平面设计师：平面设计与动画设计有一定的关系。许多不想在毕业后从事动漫工业的学生挑选朝着平面设计的方向发展。平面设计从帮助人们做简单的小动画设计标志，无论是广告，杂志，报纸传单，平面设计在现代社会中的需求是否越来越大，是一个永不过期的朝阳工业。</p><p><br></p><p>　　4、漫画师：小编这一代人从小看漫画。许多人学习动画设计的初衷是成为一名漫画师。然而，漫画师并不那么简单。坚持不懈是漫画师不可或缺的质量。现在网上有许多卡通网站，有野心的同学可以先练习上手，同学也可以报名参加一个小班的魔鬼培训班，或者下一名动漫画师就是你!</p><p><br></p><p style=\"text-align: justify;\">　　今天我们特别推荐下轻微课的魔鬼特训班，轻微课魔鬼特训班目前开设的绘画课程涵盖；日系厚涂、动漫插画、角色游戏原画、古风插画、漫画创作、动漫人体、日系商业角色七大魔鬼特训班。采取通关晋级模式，针对0基础，从透视、素描、人体、颜色、头像、背景、构图、演示、创作，阶梯式晋级爬升学习模式，一步一个脚印，满足学生党到工作人士的绘画学习需求。</p><p style=\"text-align: justify;\">&nbsp;</p><p style=\"text-align: justify;\">　　由此可见，想要学好绘画轻微课确实是个不错的选择，感兴趣的小伙伴们还可以到他们的官网，通过在线咨询的方式获取跟多与学习相关的信息与内容哟！如果你想快速提升自己的绘画水平，且绝对不怕辛苦，欢迎挑战轻微课魔鬼特训班，体验魔鬼式绘画集训入口：<a href=\"https://www.qingwk.com/school/\" title=\"https://www.qingwk.com/school/\">https://www.qingwk.com/school/</a></p><p style=\"text-align: justify;\">&nbsp;</p><p style=\"text-align: justify;\">　　如果想要学习了解更多<a href=\"https://www.qingwk.com/article/dongman\" title=\"https://www.qingwk.com/article/dongman\">动漫教程</a>以及画师接单、求职经验的话，也可以下载“轻微课APP”，里面有大量的绘画学习资源、教程、素材和老师经验分享等，学习接单更方便！</p><p style=\"text-align: justify;\">&nbsp;</p><p style=\"text-align: center;\"><img src=\"https://img.qingwk.com/images/resource/global/2021/06/09/17647_72504721884_at1280x1000.jpg\" alt=\"学动漫设计有前途吗？\" width=\"800\" height=\"500\" title=\"学动漫设计有前途吗？\" data-original=\"//img.qingwk.com/images/resource/global/2021/06/09/17647_72504721884_at.jpg\"></p><p style=\"text-align: center;\">图二：学动漫设计有前途吗？</p><p style=\"text-align: center;\"><span><span>以上图片源于卢森堡画师Enji的插画作品</span></span></p><p style=\"text-align: center;\"><span><span>&nbsp;</span></span></p><p style=\"text-align: justify;\">那么今天的<span>学动漫设计有前途吗？</span>就分享结束啦！学绘画一定要多看、多练、多思考，希望大家都能够早日成为大神。这里微课菌也给大家推荐一些轻微课的视频教程：<a href=\"https://www.qingwk.com/course/detail/10312\" title=\"https://www.qingwk.com/course/detail/10312\">漫画基础学习教程之人体构图与细节画法</a>，快来看看吧！</p></div><div class=\"disclaimer\"><br></div></div></div>',1,'资讯','2021-06-16','2021-06-16','','1001'),(12,'如何学习动漫设计呢？','轻微课','动画设计是通过对现代艺术理念和现代艺术能力的专业学习，培养学生的艺术美感、理性思维和创作辨别力及鉴赏能力。','<p><span>如何学习动画设计呢？</span>动画设计是通过对现代艺术理念和现代艺术能力的专业学习，培养学生的艺术美感、理性思维和创作辨别力及鉴赏能力。那么如何学习动画设计呢？现在我们来看看。为了帮助有兴趣的朋友理解<span style=\"text-align: justify;\">大多数人会选择</span><a href=\"https://www.qingwk.com/\" title=\"https://www.qingwk.com/\">动漫培训</a><span style=\"text-align: justify;\">机构，那么今天小编就带大家来</span><span style=\"text-align: justify;\">看看</span>如何学习动画设计呢？</p><p><br></p><p>　　1、了解动漫设计，首先是要知道动漫设计先是动漫，就是要有人物还有场景建筑之类的，形成一个构图，然后给他加上动作的一种动态图，让它以故事的形式存在，是很不容易做的，就是荧幕上的蜡笔小新之类的。</p><p><br></p><p style=\"text-align: center;\"><img src=\"https://img.qingwk.com/images/resource/global/2021/06/09/166475_1524752550_at1280x1000.jpg\" alt=\"如何学习动漫设计呢？\" width=\"800\" height=\"555\" title=\"如何学习动漫设计呢？\" data-original=\"//img.qingwk.com/images/resource/global/2021/06/09/166475_1524752550_at.jpg\"></p><p style=\"text-align: center;\">图一：如何学习动漫设计呢？</p><p><br></p><p>　　2、有绘画基础，想要学习动漫设计，首先要会画画，画画三大基本功就是素描、速写和水彩，这是基本条件，速写注重的线条，素描注重的立体，而水彩注重的是颜色搭配，只有学好了这些才有资格去学习动漫设计。</p><p><br></p><p>　　3、练习人物，动漫主要的就是人物了，要会画动漫角色，比如王子和公主，就要能画出来公主华丽的衣裙，头发的卷卷，还有首饰的搭配，而王子要画出来俊俏的脸蛋，这都不是很容易的，需要勤加练习。</p><p><br></p><p>　　4、学会设计动作，当能够画出来很好的动漫角色之后，就要会给它设计动作，也就是分镜头，比如跳跃，漫步这样的动作都是比较简单的，而复杂的就是旋转之类的了，要能够画出来很协调的动作分镜头。</p><p><br></p><p>　　5、学习颜色搭配，画出来的都是线条，之后还要给它们加上颜色，这个就是看自己的审美了，可以先看看别的前辈的作品，由此产生一些灵感，比如说蓝色粉色搭配，或者在一定条件下，红色和绿色搭配出来也是很好看的。心里要有个概念。</p><p><br></p><p>　　6、学习动漫设计软件，常见的就是ps了，这个属于基础设计，可以添加颜色背景之类的，还有要会用flash动画，这个也是很有用的，可以把音乐和音效添加到一起，再加上一些别的东西汇集成一个作品，一定要会用这些。</p><p><br></p><p style=\"text-align: justify;\">　　今天我们特别推荐下轻微课的魔鬼特训班，轻微课魔鬼特训班目前开设的绘画课程涵盖；日系厚涂、动漫插画、角色游戏原画、古风插画、漫画创作、动漫人体、日系商业角色七大魔鬼特训班。采取通关晋级模式，针对0基础，从透视、素描、人体、颜色、头像、背景、构图、演示、创作，阶梯式晋级爬升学习模式，一步一个脚印，满足学生党到工作人士的绘画学习需求。</p><p style=\"text-align: justify;\">&nbsp;</p><p style=\"text-align: justify;\">　　由此可见，想要学好绘画轻微课确实是个不错的选择，感兴趣的小伙伴们还可以到他们的官网，通过在线咨询的方式获取跟多与学习相关的信息与内容哟！如果你想快速提升自己的绘画水平，且绝对不怕辛苦，欢迎挑战轻微课魔鬼特训班，体验魔鬼式绘画集训入口：<a href=\"https://www.qingwk.com/school/\" title=\"https://www.qingwk.com/school/\">https://www.qingwk.com/school/</a></p><p style=\"text-align: justify;\">&nbsp;</p><p style=\"text-align: justify;\">　　如果想要学习了解更多<a href=\"https://www.qingwk.com/article/dongman\" title=\"https://www.qingwk.com/article/dongman\">动漫教程</a>以及画师接单、求职经验的话，也可以下载“轻微课APP”，里面有大量的绘画学习资源、教程、素材和老师经验分享等，学习接单更方便！</p><p style=\"text-align: justify;\">&nbsp;</p><p style=\"text-align: center;\"><img src=\"https://img.qingwk.com/images/resource/global/2021/06/09/16675_1610751711_at1280x1000.jpg\" alt=\"如何学习动漫设计呢？\" width=\"800\" height=\"555\" title=\"如何学习动漫设计呢？\" data-original=\"//img.qingwk.com/images/resource/global/2021/06/09/16675_1610751711_at.jpg\"></p><p style=\"text-align: center;\">图二：如何学习动漫设计呢？</p><p style=\"text-align: center;\"><span><span>以上图片源于日本画师おとうふ的插画作品</span></span></p><p style=\"text-align: center;\"><span><span>&nbsp;</span></span></p><p style=\"text-align: justify;\">那么今天的<span>如何学习动漫设计呢？</span>就分享结束啦！学绘画一定要多看、多练、多思考，希望大家都能够早日成为大神。</p>',1,'文章','2021-06-16','2021-06-16','','1001'),(13,'动漫角色设计和制作流程','轻微课','动漫角色设计和制作流程，除了场景的重要性，现在的动漫对动漫角色的塑造也很重要。','<p><span>动漫角色设计和制作流程</span>，除了场景的重要性，现在的动漫对动漫角色的塑造也很重要。无论是人类，怪物，机器，还是外星人，人物角色的出现可以让整个动漫展现的更加丰满，剧情更加跌宕起伏，动漫更能吸引人，吸引人的注意力。为了帮助有兴趣的朋友理解<span style=\"text-align: justify;\">大多数人会选择</span><a href=\"https://www.qingwk.com/\" title=\"https://www.qingwk.com/\">动漫培训</a><span style=\"text-align: justify;\">机构，那么今天小编就带大家来</span><span style=\"text-align: justify;\">看看</span>动漫角色设计和制作流程。</p><p><br></p><p>　　动漫制作人物角色设计点，在动漫制作设计作品中，人物角色是必不可少的，就像导演在拍摄影视作品之前挑选演员一样，需要经过精心构思、推敲和筛选，最后根据剧本内容和人物性格进行选择。对于动漫的作品，这个选择几乎完全取决于动漫艺人手中的画笔。即使主角是现实生活中的动物、植物或无生命的桌椅，也必须拟人化。说到底，动漫人物形象设计的目标是形象化人物。</p><p><br></p><p style=\"text-align: center;\"><img src=\"https://img.qingwk.com/images/resource/global/2021/06/09/176380_97938082299_at1280x1000.jpg\" alt=\"动漫角色设计和制作流程\" width=\"800\" height=\"555\" title=\"动漫角色设计和制作流程\" data-original=\"//img.qingwk.com/images/resource/global/2021/06/09/176380_97938082299_at.jpg\"></p><p style=\"text-align: center;\">图一：动漫角色设计和制作流程</p><p><br></p><p>　　动漫角色的不真实感，其实所有的动漫角色基本上都是有架空概念的造型艺术角色，所以动漫角色的整体特征是由其故事决定的。在文化艺术创作领域，动漫角色是构建虚拟艺术造型世界的基本元素，所以动漫角色是高度不现实的，它会在设计中一定程度上允许现实人物造型的艺术转化、加工和夸张。这是一个不切实际的动漫造型的典型例子，从五官的夸张就很容易看出来。</p><p><br></p><p>　　人物角色造型的动漫艺术夸张，基于人物角色的动漫非真实感，人物角色设定的艺术造型对艺术夸张没有限制，可以是写实的，也可以是夸张的。即使是以现实为基础塑造的人物，也会有一定程度的夸张，这一点从现实主义的漫画作品中就可以看出来，比如欧美漫画中的超人和蝙蝠侠，都是以现实主义的人物造型为基础，只是对脸部和身体结构进行了适当的夸张，所以他们的发型也只是稍微夸张了一些。</p><p><br></p><p style=\"text-align: justify;\">　　今天我们特别推荐下轻微课的魔鬼特训班，轻微课魔鬼特训班目前开设的绘画课程涵盖；日系厚涂、动漫插画、角色游戏原画、古风插画、漫画创作、动漫人体、日系商业角色七大魔鬼特训班。采取通关晋级模式，针对0基础，从透视、素描、人体、颜色、头像、背景、构图、演示、创作，阶梯式晋级爬升学习模式，一步一个脚印，满足学生党到工作人士的绘画学习需求。</p><p style=\"text-align: justify;\">&nbsp;</p><p style=\"text-align: justify;\">　　由此可见，想要学好绘画轻微课确实是个不错的选择，感兴趣的小伙伴们还可以到他们的官网，通过在线咨询的方式获取跟多与学习相关的信息与内容哟！如果你想快速提升自己的绘画水平，且绝对不怕辛苦，欢迎挑战轻微课魔鬼特训班，体验魔鬼式绘画集训入口：<a href=\"https://www.qingwk.com/school/\" title=\"https://www.qingwk.com/school/\">https://www.qingwk.com/school/</a></p><p style=\"text-align: justify;\">&nbsp;</p><p style=\"text-align: justify;\">　　如果想要学习了解更多<a href=\"https://www.qingwk.com/article/dongman\" title=\"https://www.qingwk.com/article/dongman\">动漫教程</a>以及画师接单、求职经验的话，也可以下载“轻微课APP”，里面有大量的绘画学习资源、教程、素材和老师经验分享等，学习接单更方便！</p><p style=\"text-align: justify;\">&nbsp;</p><p style=\"text-align: center;\"><img src=\"https://img.qingwk.com/images/resource/global/2021/06/09/176741_63574154253_at1280x1000.jpg\" alt=\"动漫角色设计和制作流程\" width=\"800\" height=\"555\" title=\"动漫角色设计和制作流程\" data-original=\"//img.qingwk.com/images/resource/global/2021/06/09/176741_63574154253_at.jpg\"></p><p style=\"text-align: center;\">图二：动漫角色设计和制作流程</p><p style=\"text-align: center;\"><span><span>以上图片源于卢森堡画师Enji的插画作品</span></span></p><p style=\"text-align: center;\"><span><span>&nbsp;</span></span></p><p style=\"text-align: justify;\">那么今天的<span>动漫角色设计和制作流程</span>就分享结束啦！学绘画一定要多看、多练、多思考，希望大家都能够早日成为大神。</p>',1,'文章','2021-06-16','2021-06-16','','1001'),(14,'动漫人物设计有哪些细节？','轻微课','？对于一个动漫，最重要的是动漫人物设计，这也是一个动漫的灵魂。如果一个动漫作品没有人物，那一定是不完整的。','<p><span>动漫人物设计有哪些细节？</span>对于一个动漫，最重要的是动漫人物设计，这也是一个动漫的灵魂。如果一个动漫作品没有人物，那一定是不完整的。毕竟细节决定成败。如果在动漫角色设计的过程中不注意一些细节，那么这个角色设计就会失败。为了帮助有兴趣的朋友理解<span style=\"text-align: justify;\">大多数人会选择</span><a href=\"https://www.qingwk.com/\" title=\"https://www.qingwk.com/\">动漫培训</a><span style=\"text-align: justify;\">机构，那么今天小编就带大家来</span><span style=\"text-align: justify;\">看看</span>动漫人物设计有哪些细节？</p><p><br></p><p>　　动漫人物形象设计细节有哪些？动漫人物形象设计过程中要注意手和脚的局部塑造，手的外表可以体现人的年龄、身份，手的动作又是人的心理活动、情绪变化、情感交流的直接反映，它的活动是情不自禁的，有时又是微妙的。但是漫画风格的，手的外形设计较为丰富，手指可以简化为三个、四个，甚至没有指头。</p><p><br></p><p style=\"text-align: center;\"><img src=\"https://img.qingwk.com/images/resource/global/2021/06/09/176380_97938082299_at1280x1000.jpg\" alt=\"动漫人物设计有哪些细节？\" width=\"800\" height=\"555\" title=\"动漫人物设计有哪些细节？\" data-original=\"//img.qingwk.com/images/resource/global/2021/06/09/176380_97938082299_at.jpg\"></p><p style=\"text-align: center;\">图一：动漫人物设计有哪些细节？</p><p><br></p><p>　　动漫人物形象设计过程中要注意表情的刻画，人的思想情感的活动总是要通过相应的表情、动作表现出来。动画的表情刻画应当由内而外，自然而然，恰如其分，避免使角色矫揉造作，强加于角色程式化的表情，应该准确地把角色复杂的内心活动通过眼神眉宇之间的变化，夸张地，有层次的表现出来。</p><p><br></p><p>　　动漫人物形象设计过程中要注意性格的表现，性格的差异使塑造角色的外行特征有很大的不同，尽管在塑造角色时要尽可能地避免角色的程式化，但是，不能忽视有些特定角色造型模式能够更快地把角色的个性信息传递给观众。</p><p><br></p><p style=\"text-align: justify;\">　　动漫人物形象设计过程中要注意头部的局部塑造，现代动漫故事镜头镜别中的近景镜头、特写镜头和大特写镜头需要交代角色的胸部以上的部分和整个头部详细的状态，镜头拉近角色脸部，脸部的各个五官放大，这时画面具有强烈的视觉冲击力和表现力，体现出角色细致的表情变化和内心活动。因此，头部设计值得斟酌和反复推敲，要求应最为精细。同时也能更为直观地体现出角色的趣味性。</p><p style=\"text-align: justify;\">&nbsp;</p><p style=\"text-align: justify;\">　　由此可见，想要学好绘画轻微课确实是个不错的选择，感兴趣的小伙伴们还可以到他们的官网，通过在线咨询的方式获取跟多与学习相关的信息与内容哟！如果你想快速提升自己的绘画水平，且绝对不怕辛苦，欢迎挑战轻微课魔鬼特训班，体验魔鬼式绘画集训入口：<a href=\"https://www.qingwk.com/school/\" title=\"https://www.qingwk.com/school/\">https://www.qingwk.com/school/</a></p><p style=\"text-align: justify;\">&nbsp;</p><p style=\"text-align: justify;\">　　如果想要学习了解更多<a href=\"https://www.qingwk.com/article/dongman\" title=\"https://www.qingwk.com/article/dongman\">动漫教程</a>以及画师接单、求职经验的话，也可以下载“轻微课APP”，里面有大量的绘画学习资源、教程、素材和老师经验分享等，学习接单更方便！</p><p style=\"text-align: justify;\">&nbsp;</p><p style=\"text-align: center;\"><img src=\"https://img.qingwk.com/images/resource/global/2021/06/09/186783_81978386020_at1280x1000.jpg\" alt=\"动漫人物设计有哪些细节？\" width=\"800\" height=\"555\" title=\"动漫人物设计有哪些细节？\" data-original=\"//img.qingwk.com/images/resource/global/2021/06/09/186783_81978386020_at.jpg\"></p><p style=\"text-align: center;\">图二：动漫人物设计有哪些细节？</p><p style=\"text-align: center;\"><span><span>以上图片源于卢森堡画师Enji的插画作品</span></span></p><p style=\"text-align: center;\"><span><span>&nbsp;</span></span></p><p style=\"text-align: justify;\">那么今天的<span>动漫人物设计有哪些细节？</span>就分享结束啦！学绘画一定要多看、多练、多思考，希望大家都能够早日成为大神。</p>',1,'文章','2021-06-16','2021-06-16','','1001'),(15,'【P站画师】日本画师UGUME的作品','轻微课','今天给大家带来日本画师UGUME的作品，这是位老东方画师了，社团ClearLeMel主催，作品大多都是东方同人，给不少东方同人曲画过封面。','<div><p>今天给大家带来<span>日本画师UGUME</span>的作品，这是位老东方画师了，社团ClearLeMel主催，作品大多都是东方同人，给不少东方同人曲画过封面。担任过游戏《舰队Collection》角色设计、《东方加农炮弹》插画，近期主要画FGO等游戏相关。<img src=\"https://img.qingwk.com/images/cover/global/2021/06/10/106565_72456541159_300x200.jpg\" alt=\"【P站画师】日本画师UGUME的作品\"></p><p><br></p><p>如果你想快速提升自己的绘画水平，且绝对不怕辛苦，欢迎挑战轻微课魔鬼特训班，体验魔鬼式绘画集训入口：<a href=\"https://www.qingwk.com/school/\" title=\"https://www.qingwk.com/school/\">https://www.qingwk.com/school/</a></p><p><br></p><p style=\"text-align: center;\">&nbsp;<span><a href=\"http://openconsult//open-send-%E6%88%91%E6%83%B3%E6%88%90%E4%B8%BA%E7%94%BB%E5%B8%88\" title=\"http://openconsult://open-send-我想成为画师\" rel=\"nofollow\"><img src=\"https://img.qingwk.com/images/resource/global/2021/06/10/106175_43017585097_at1280x1000.jpg\" alt=\"【P站画师】日本画师UGUME的作品\" width=\"720\" height=\"555\" title=\"【P站画师】日本画师UGUME的作品\" data-original=\"//img.qingwk.com/images/resource/global/2021/06/10/106175_43017585097_at.jpg\"></a></span></p><p><br></p><p style=\"text-align: justify;\">日本画师UGUME的插画作品</p><p style=\"text-align: justify;\"><br></p><div class=\"ql-image-container ql-align-center\" style=\"text-align: center;\"><img src=\"https://img.qingwk.com/images/resource/global/2021/06/10/10653_47205363226_at1280x1000.jpg\" alt=\"【P站画师】日本画师UGUME的作品\" width=\"720\" height=\"1000\" title=\"【P站画师】日本画师UGUME的作品\" data-original=\"//img.qingwk.com/images/resource/global/2021/06/10/10653_47205363226_at.jpg\"></div><div class=\"ql-image-container ql-align-center\" style=\"text-align: center;\"><br><img src=\"https://img.qingwk.com/images/resource/global/2021/06/10/106899_47789999278_at1280x1000.jpg\" alt=\"【P站画师】日本画师UGUME的作品\" width=\"720\" height=\"1000\" title=\"【P站画师】日本画师UGUME的作品\" data-original=\"//img.qingwk.com/images/resource/global/2021/06/10/106899_47789999278_at.jpg\"></div><div class=\"ql-image-container ql-align-center\" style=\"text-align: center;\"><br><img src=\"https://img.qingwk.com/images/resource/global/2021/06/10/106256_52025675720_at1280x1000.jpg\" alt=\"【P站画师】日本画师UGUME的作品\" width=\"720\" height=\"800\" title=\"【P站画师】日本画师UGUME的作品\" data-original=\"//img.qingwk.com/images/resource/global/2021/06/10/106256_52025675720_at.jpg\"></div><div class=\"ql-image-container ql-align-center\" style=\"text-align: center;\"><br><img src=\"https://img.qingwk.com/images/resource/global/2021/06/10/106823_53582395828_at1280x1000.jpg\" alt=\"【P站画师】日本画师UGUME的作品\" width=\"720\" height=\"555\" title=\"【P站画师】日本画师UGUME的作品\" data-original=\"//img.qingwk.com/images/resource/global/2021/06/10/106823_53582395828_at.jpg\"></div><div class=\"ql-image-container ql-align-center\" style=\"text-align: center;\"><br><img src=\"https://img.qingwk.com/images/resource/global/2021/06/10/106614_56561463501_at1280x1000.jpg\" alt=\"【P站画师】日本画师UGUME的作品\" width=\"720\" height=\"800\" title=\"【P站画师】日本画师UGUME的作品\" data-original=\"//img.qingwk.com/images/resource/global/2021/06/10/106614_56561463501_at.jpg\"></div><div class=\"ql-image-container ql-align-center\" style=\"text-align: center;\"><br><img src=\"https://img.qingwk.com/images/resource/global/2021/06/10/106572_57657225428_at1280x1000.jpg\" alt=\"【P站画师】日本画师UGUME的作品\" width=\"720\" height=\"555\" title=\"【P站画师】日本画师UGUME的作品\" data-original=\"//img.qingwk.com/images/resource/global/2021/06/10/106572_57657225428_at.jpg\"></div><div class=\"ql-image-container ql-align-center\" style=\"text-align: center;\"><br><img src=\"https://img.qingwk.com/images/resource/global/2021/06/10/106539_58853986500_at1280x1000.jpg\" alt=\"【P站画师】日本画师UGUME的作品\" width=\"720\" height=\"888\" title=\"【P站画师】日本画师UGUME的作品\" data-original=\"//img.qingwk.com/images/resource/global/2021/06/10/106539_58853986500_at.jpg\"></div><div class=\"ql-image-container ql-align-center\" style=\"text-align: center;\"><br><img src=\"https://img.qingwk.com/images/resource/global/2021/06/10/10618_60501883085_at1280x1000.jpg\" alt=\"【P站画师】日本画师UGUME的作品\" width=\"720\" height=\"500\" title=\"【P站画师】日本画师UGUME的作品\" data-original=\"//img.qingwk.com/images/resource/global/2021/06/10/10618_60501883085_at.jpg\"></div><div class=\"ql-image-container ql-align-center\" style=\"text-align: center;\"><br><img src=\"https://img.qingwk.com/images/resource/global/2021/06/10/106530_61953039162_at1280x1000.jpg\" alt=\"【P站画师】日本画师UGUME的作品\" width=\"720\" height=\"888\" title=\"【P站画师】日本画师UGUME的作品\" data-original=\"//img.qingwk.com/images/resource/global/2021/06/10/106530_61953039162_at.jpg\"></div><p><span style=\"text-align: justify;\"><br>今天关于</span>日本画师UGUME的插画作品<span style=\"text-align: justify;\">就分享到这里了，我们下期再见吧！</span></p><div><span style=\"text-align: justify;\"><br></span></div></div>',1,'素材','2021-06-16','2021-06-16','','1001'),(16,'76P，SAI大神笔刷配置合集','qwk','学习绘画不会设置笔刷配置？来看看画画大神是怎么设置笔刷的！','<p>学习绘画不会设置笔刷配置？来看看画画大神是怎么设置笔刷的！<br></p><p><br></p><p>复制下方链接打开，即可下载！</p><p>链接：https://pan.baidu.com/s/1kZwNbH9CR3I0AsN7V15cTQ&nbsp;</p><p>提取码：1234&nbsp;</p><p><br></p><p>素材预览：</p><p><br></p><p><img src=\"https://img.qingwk.com/images/resource/a79/2020/12/11/1312957_8595797501_at1280x1000.jpg\" title=\"76P，SAI大神笔刷配置合集\" alt=\"76P，SAI大神笔刷配置合集\" data-original=\"//img.qingwk.com/images/resource/a79/2020/12/11/1312957_8595797501_at.jpg\"></p><p><img src=\"https://img.qingwk.com/images/resource/a79/2020/12/11/1312956_8595656660_at1280x1000.jpg\" title=\"76P，SAI大神笔刷配置合集\" alt=\"76P，SAI大神笔刷配置合集\" data-original=\"//img.qingwk.com/images/resource/a79/2020/12/11/1312956_8595656660_at.jpg\"></p><p><img src=\"https://img.qingwk.com/images/resource/a79/2020/12/11/1312971_8597187313_at1280x1000.jpg\" title=\"76P，SAI大神笔刷配置合集\" alt=\"76P，SAI大神笔刷配置合集\" data-original=\"//img.qingwk.com/images/resource/a79/2020/12/11/1312971_8597187313_at.jpg\"></p><p><img src=\"https://img.qingwk.com/images/resource/a79/2020/12/11/1312290_8629051266_at1280x1000.jpg\" title=\"76P，SAI大神笔刷配置合集\" alt=\"76P，SAI大神笔刷配置合集\" data-original=\"//img.qingwk.com/images/resource/a79/2020/12/11/1312290_8629051266_at.jpg\"></p><p><img src=\"https://img.qingwk.com/images/resource/a79/2020/12/11/1312280_8628186712_at1280x1000.jpg\" title=\"76P，SAI大神笔刷配置合集\" alt=\"76P，SAI大神笔刷配置合集\" data-original=\"//img.qingwk.com/images/resource/a79/2020/12/11/1312280_8628186712_at.jpg\"></p><p><img src=\"https://img.qingwk.com/images/resource/a79/2020/12/11/1312287_8628768994_at1280x1000.jpg\" title=\"76P，SAI大神笔刷配置合集\" alt=\"76P，SAI大神笔刷配置合集\" data-original=\"//img.qingwk.com/images/resource/a79/2020/12/11/1312287_8628768994_at.jpg\"></p>',1,'素材','2021-06-16','2021-06-16','','1001'),(17,'一组高级配色参考','qwk','一组好的配色往往会产生强烈的视觉效果','<div class=\"article-detail-content-box\"><div class=\"article-detail-js article-detail-content\"><div><p>一组高级的配色</p><p><img src=\"https://img.qingwk.com/images/resource/a261/2020/08/06/148759_32475920470_at1280x1000.jpg\" title=\"一组高级配色参考\" alt=\"一组高级配色参考\" data-original=\"//img.qingwk.com/images/resource/a261/2020/08/06/148759_32475920470_at.jpg\"></p><p><img src=\"https://img.qingwk.com/images/resource/a261/2020/08/06/148754_32475483534_at1280x1000.jpg\" title=\"一组高级配色参考\" alt=\"一组高级配色参考\" data-original=\"//img.qingwk.com/images/resource/a261/2020/08/06/148754_32475483534_at.jpg\"></p><p><img src=\"https://img.qingwk.com/images/resource/a261/2020/08/06/148763_3247635053_at1280x1000.jpg\" title=\"一组高级配色参考\" alt=\"一组高级配色参考\" data-original=\"//img.qingwk.com/images/resource/a261/2020/08/06/148763_3247635053_at.jpg\"></p><p><img src=\"https://img.qingwk.com/images/resource/a261/2020/08/06/148942_32494228528_at1280x1000.jpg\" title=\"一组高级配色参考\" alt=\"一组高级配色参考\" data-original=\"//img.qingwk.com/images/resource/a261/2020/08/06/148942_32494228528_at.jpg\"></p><p><img src=\"https://img.qingwk.com/images/resource/a261/2020/08/06/148921_32492162537_at1280x1000.jpg\" title=\"一组高级配色参考\" alt=\"一组高级配色参考\" data-original=\"//img.qingwk.com/images/resource/a261/2020/08/06/148921_32492162537_at.jpg\"></p><p><img src=\"https://img.qingwk.com/images/resource/a261/2020/08/06/148942_32494277514_at1280x1000.jpg\" title=\"一组高级配色参考\" alt=\"一组高级配色参考\" data-original=\"//img.qingwk.com/images/resource/a261/2020/08/06/148942_32494277514_at.jpg\"></p><p><img src=\"https://img.qingwk.com/images/resource/a261/2020/08/06/14894_32509455163_at1280x1000.jpg\" title=\"一组高级配色参考\" alt=\"一组高级配色参考\" data-original=\"//img.qingwk.com/images/resource/a261/2020/08/06/14894_32509455163_at.jpg\"></p><p><img src=\"https://img.qingwk.com/images/resource/a261/2020/08/06/148140_32514047842_at1280x1000.jpg\" title=\"一组高级配色参考\" alt=\"一组高级配色参考\" data-original=\"//img.qingwk.com/images/resource/a261/2020/08/06/148140_32514047842_at.jpg\"></p><p><img src=\"https://img.qingwk.com/images/resource/a261/2020/08/06/148187_32518766847_at1280x1000.jpg\" title=\"一组高级配色参考\" alt=\"一组高级配色参考\" data-original=\"//img.qingwk.com/images/resource/a261/2020/08/06/148187_32518766847_at.jpg\"></p><p><br></p></div><div class=\"disclaimer\"></div></div></div>',1,'素材','2021-06-16','2021-06-16','','1001');

#
# Structure for table "tb_class"
#

CREATE TABLE `tb_class` (
  `cid` int(11) NOT NULL AUTO_INCREMENT,
  `classname` varchar(255) DEFAULT NULL,
  `teacher` varchar(255) DEFAULT NULL COMMENT '主讲师',
  `period` int(11) DEFAULT NULL COMMENT '课时',
  `introduction` varchar(255) DEFAULT NULL COMMENT '简介',
  `classinfo` text COMMENT '内容',
  `state` varchar(255) DEFAULT NULL COMMENT '状态',
  `starttime` varchar(255) DEFAULT NULL COMMENT '班级开课时间',
  `regtime` varchar(255) DEFAULT NULL COMMENT '报名时间',
  `regend` varchar(255) DEFAULT NULL COMMENT '报名结束时间',
  `coverpath` varchar(255) DEFAULT NULL COMMENT '班级封面地址',
  `price` varchar(255) DEFAULT NULL COMMENT '价格',
  `workis` varchar(255) DEFAULT NULL COMMENT '是否需要作品进行筛选',
  PRIMARY KEY (`cid`)
) ENGINE=InnoDB AUTO_INCREMENT=6 DEFAULT CHARSET=utf8 ROW_FORMAT=DYNAMIC COMMENT='课程项目';

#
# Data for table "tb_class"
#

INSERT INTO `tb_class` VALUES (1,'角色设计精品班','夜幕',200,'结合前面所学的素描、概括、人体、色彩，通过12种设计形式，让大家牢固的掌握游戏角色的设计精髓，学会如何构思、如何输出设计稿、如何配色、如何细化、如何输出最后的设定图、如何让设计更有创意，更有趣！','<p style=\"text-align: left;\">&nbsp; &nbsp; &nbsp; &nbsp;有一定人体基础，咱们开始进入到设计环节啦，首先会从简单的设计循序渐进，让大家先理解各种设计、美学的概念，初步建立原画设计节奏，然后通过虚拟项目的形式，带着大家开始真正进入游戏原画的设计学习，从国古日式、日韩欧式两种不同风格的角色设计，结合前面所学的素描、概括、人体、色彩，通过12种设计形式，让大家牢固的掌握游戏角色的设计精髓，学会如何构思、如何输出设计稿、如何配色、如何细化、如何输出最后的设定图、如何让设计更有创意，更有趣！</p><p>&nbsp;<span>网上绘画培训班有免费的吗？</span>哪个动漫培训机构好？很多想学画画的小伙伴会纠结于选培训班。没错，今天画画的培训班很多，大家在报名前一定会仔细比较参考。那么网图培训班选哪个好呢？为了帮助有兴趣的朋友理解<span style=\"text-align: justify;\">大多数人会选择</span><a href=\"https://www.qingwk.com/\" title=\"https://www.qingwk.com/\">绘画培训</a><span style=\"text-align: justify;\">机构，那么今天小编就带大家来</span><span style=\"text-align: justify;\">看看</span>网上绘画培训班有免费的吗？</p><p><br></p><p>&nbsp; &nbsp; &nbsp;&nbsp;<span>&nbsp;</span>1、本身已经具备了一定的绘画能力，如果已经具备了一定的绘画能力，想要有更高的设计能力突破，那么就可以直接选择针对设计的画画课程即可，因为对于你来说就是巩固、提升的一个过程。</p><p><br></p><p style=\"text-align: center;\"><img src=\"/upload/upload/images/2021-06-16jk11.jpg\" alt=\"2021-06-16jk11.jpg\"><br></p><p style=\"text-align: center;\">图一：网上绘画培训班有免费的吗？</p><p><br></p><p>&nbsp; &nbsp; &nbsp; &nbsp;2、本身是零基础或者半吊子，如果你是零基础或者没有一定的绘画能力，这就很清楚了，你一定需要的是能够从基础开始一步步把你培养起来的课程，这样的课程有哪些画画学校有呢？</p><p><img src=\"/upload/upload/images/2021-06-16jk4.jpg\" alt=\"2021-06-16jk4.jpg\"><br></p><p style=\"text-align: center;\"><br></p><p style=\"text-align: center;\">图二：网上绘画培训班有免费的吗？</p><p><br></p><p>&nbsp; &nbsp; &nbsp; &nbsp;至于在线画画培训班大概需要多少钱？这个没有统一答案，不同的学校、不同的课程安排、课程周期都回对价格产生影响，不过可以确定的是，课程周期在4个月以上的培训班，价格基本都在四千左右。</p><p><br></p><p style=\"text-align: justify;\">&nbsp; &nbsp; &nbsp;&nbsp;<span>&nbsp;</span>由此可见，想要学好绘画轻微课确实是个不错的选择，感兴趣的小伙伴们还可以到他们的官网，通过在线咨询的方式获取跟多与学习相关的信息与内容哟！如果你想快速提升自己的绘画水平，且绝对不怕辛苦，欢迎挑战轻微课魔鬼特训班，体验魔鬼式绘画集训入口</p><p style=\"text-align: justify;\">&nbsp;</p><p style=\"text-align: justify;\">&nbsp; &nbsp; &nbsp;&nbsp;<span>&nbsp;</span>如果想要学习了解更多<a href=\"https://www.qingwk.com/article/jiaocheng\" title=\"https://www.qingwk.com/article/jiaocheng\">绘画教程</a>以及画师接单、求职经验的话，也可以下载“轻微课APP”，里面有大量的绘画学习资源、教程、素材和老师经验分享等，学习接单更方便！</p><p style=\"text-align: justify;\">&nbsp;</p><p style=\"text-align: center;\"><img src=\"/upload/upload/images/2021-06-16jk6.jpg\" alt=\"2021-06-16jk6.jpg\"><br></p><p style=\"text-align: center;\">图三：网上绘画培训班有免费的吗？</p><p style=\"text-align: center;\"><br></p><p><span><span>&nbsp;</span></span></p><p style=\"text-align: justify;\">那么今天的<span><span style=\"text-align: center;\">网上绘画培训班有免费的吗？</span></span>就分享结束啦！学绘画一定要多看、多练、多思考，希望大家都能够早日成为大神。</p>','1','2021-03-01','2021-01-01','2021-02-15','/upload/upload/images/2021-06-15class1.jpg','6700','是'),(2,'商业原画网络班','何峰',100,'商业原画班电脑手绘培训课程周期为60天，所有创作与训练全部按照商业项目标准进行，主要针对作品的前期概念设计、造型结构、配色细化，最终达到适应商业环境为准，需要测试审核进入。','<p><span>&nbsp; &nbsp; &nbsp; &nbsp;商业原画班电脑手绘培训课程周期为60天，所有创作与训练全部按照商业项目标准进行，主要针对作品的前期概念设计、造型结构、配色细化，最终达到适应商业环境为准，“U+特训营”电脑手绘培训班统一采用直播创作讲解、布置、辅导、管理、答疑等， 以商业项目标准进行管理反馈，配置高端实战项目讲师进行授课，按照实战要求标准出稿，真实体验实战项目环境，打造高端电脑手绘培训课程体系。</span></p>','1','2021-03-15','2021-02-01','2021-03-01','/upload/upload/images/2021-06-15class2.jpg','8000','是'),(4,'场景设计精品班','hy',100,'我们将从色彩、透视、材质、构图等基础内容出发，结合大量案例，详细讲解中国风、欧美风、科幻风、卡通风等不同风格的场景概念设计，更有行业现状、工作技巧、就业指导等接地气的软知识分享。认真学完，您就可以上岗啦!','<p>来源标题：拜登上任来首次</p><p>据台湾“中央社”2月4日报道，台防务部门今天（4日）称，美国海军一艘作战舰船由北向南通过台湾海峡后，继续向南航行。美国海军也证实，阿利·伯克级导弹驱逐舰“麦凯恩”号通过了台湾海峡。台湾媒体称，这是美国总统拜登就任以来，美国海军作战舰艇首次通过台湾海峡。</p><p>台媒称，台湾防务部门表示，美国海军一艘作战舰船由北向南通过台湾海峡后，继续向南航行。台湾防务部门称，美舰航经台湾海峡执行任务，台军采用联合情报监控侦查手段，全程掌握台周边海、空域相关动态，并表示状况均正常。</p><p>据台媒报道，美国海军第七舰队也在其社交媒体脸书上表示，通过台湾海峡的是阿利·伯克级导弹驱逐舰“麦凯恩”号（USS John S. McCain , DDG 56）。第七舰队称，美军还将在国际法许可范围内，持续在世界任何地点飞行、航行与执行任务。</p><p>在2月4日的外交部例行记者会上，有记者提问称：美国海军发布声明称，美国海军“麦凯恩”号导弹驱逐舰2月4日穿越台湾海峡。中方对此有何回应？</p><p>外交部发言人汪文斌回答称：中方密切关注并全程掌握美国军舰过航台湾海峡的情况。中方将继续时刻保持高度戒备，随时应对一切威胁挑衅，坚决捍卫国家主权和领土完整。希望美方为地区和平稳定发挥建设性作用，而不是相反。</p>','1','2021-02-04','2021-01-01','2021-02-15','/upload/upload/images/2021-06-15class3.jpg','5000','是'),(5,'商业插画进阶班','徐亚',68,'本阶段主要以插画演示为主，本章会有四种插画类型的演示，通过上述七个阶段的学习之后，相信大家已经掌握了一定的知识点，在这个阶段我们同时也是对之前知识点的一个全面复习。','<p style=\"text-align: justify;\"><span class=\"bjh-p\">英国通讯管理局（Ofcom）4日发布声明，称当天已撤销中国国际电视台（CGTN）在英国开展广播的执照。Ofcom称，根据此前调查得出的结论，该执照由Star China Media Limited（SCML）不当持有。</span></p><div class=\"img-container\"><br></div><p style=\"text-align: justify;\"><span class=\"bjh-p\">去年7月，Ofcom曾裁定CGTN播放韩飞龙（Peter Humphrey）认罪录像视频的相关行为违反英方有关规定，称将对CGTN采取处罚措施。对此，中国外交部发言人赵立坚表示，这已经不是英方有关机构第一次针对中方媒体作出错误决定，我们坚决反对其为中国媒体在英国开展正常新闻报道工作人为设置障碍，再次敦促英方有关机构撤销错误决定，为中国媒体在英国开展正常新闻报道业务提供支持和便利。</span></p>','1','2021-06-01','2021-02-28','2021-04-15','/upload/upload/images/2021-06-15class4.jpg','3500','是');

#
# Structure for table "tb_enroll"
#

CREATE TABLE `tb_enroll` (
  `Id` int(11) NOT NULL AUTO_INCREMENT,
  `name` varchar(255) DEFAULT NULL COMMENT '姓名',
  `classes` varchar(255) DEFAULT NULL COMMENT '班级',
  `age` int(11) DEFAULT NULL COMMENT '年龄',
  `gender` varchar(255) DEFAULT NULL COMMENT '性别',
  `phonenumber` varchar(255) DEFAULT NULL COMMENT '联系方式',
  `qq` varchar(255) DEFAULT NULL,
  `email` varchar(255) DEFAULT NULL,
  `address` varchar(800) DEFAULT NULL COMMENT '家庭住址',
  `state` int(11) DEFAULT NULL COMMENT '状态',
  `basics` varchar(255) DEFAULT NULL COMMENT '基础情况',
  `info` varchar(255) DEFAULT NULL COMMENT '信息',
  `work` varchar(255) DEFAULT NULL COMMENT '作品(某些班级需要)',
  `account` varchar(255) DEFAULT NULL COMMENT '自己账号',
  PRIMARY KEY (`Id`)
) ENGINE=InnoDB AUTO_INCREMENT=3 DEFAULT CHARSET=utf8 COMMENT='报名信息';

#
# Data for table "tb_enroll"
#

INSERT INTO `tb_enroll` VALUES (1,'1221',NULL,NULL,NULL,NULL,NULL,NULL,NULL,2,NULL,NULL,'2021-02-0819pan.rar','1003'),(2,'无信语','',21,'男','18705759938','1305106547','tsn778@126.com','浙江省绍兴市越城区',1,'还行',NULL,NULL,'1004');

#
# Structure for table "tb_material"
#

CREATE TABLE `tb_material` (
  `Id` int(11) NOT NULL AUTO_INCREMENT,
  `filepath` varchar(255) DEFAULT NULL COMMENT '文件路径',
  `name` varchar(255) DEFAULT NULL,
  `subjectId` int(11) DEFAULT NULL,
  PRIMARY KEY (`Id`)
) ENGINE=InnoDB AUTO_INCREMENT=26 DEFAULT CHARSET=utf8 COMMENT='资料';

#
# Data for table "tb_material"
#

INSERT INTO `tb_material` VALUES (1,' <li class=\"video_show_list\"><img src=\"images/name.jpg\"><span>视频标题1</span></li>','第一课',5),(2,'/upload/upload/video/12/1.mp4','课时1：教程试看内容预览',12),(15,'/upload/upload/video/12/2.mp4','课时2：Premiere项目文件介绍',12),(16,'/upload/upload/video/12/3.mp4','课时3：认识Premiere工作区',12),(17,'/upload/upload/video/12/4.mp4','课时4：工作区调整与自定义',12),(18,'/upload/upload/video/12/5.mp4','课时5：了解Premiere工作流程',12),(19,'/upload/upload/video/13/1.mp4','课时6：新建项目与序列讲解',13),(20,'/upload/upload/video/13/2.mp4','课时7：常规素材的导入与管理',13),(21,'/upload/upload/video/13/3.mp4','课时8：Premiere时间码详解',13),(22,'/upload/upload/video/13/4.mp4','课时9：视频输出与注意事项',13),(23,'/upload/upload/video/13/5.mp4','课时10：章节总结',13),(24,'/upload/upload/video/12/5.mp4',NULL,NULL),(25,'/upload/upload/video/12/5.mp4',NULL,NULL);

#
# Structure for table "tb_reply"
#

CREATE TABLE `tb_reply` (
  `Id` int(11) NOT NULL AUTO_INCREMENT,
  `account` varchar(255) DEFAULT NULL COMMENT '留言人的账号',
  `commenter` varchar(255) DEFAULT NULL COMMENT '留言人的昵称',
  `info` varchar(800) DEFAULT NULL COMMENT '留言内容',
  `time` varchar(255) DEFAULT NULL COMMENT '留言时间',
  PRIMARY KEY (`Id`)
) ENGINE=InnoDB AUTO_INCREMENT=4 DEFAULT CHARSET=utf8 COMMENT='留言及回复';

#
# Data for table "tb_reply"
#

INSERT INTO `tb_reply` VALUES (1,'1004','阿德','大家好呀！                        ','2021-02-09'),(2,'1001','站到','欢迎大家！                        ','2021-02-18'),(3,'1001','站到','请问恶趣味群翁                        ','2021-04-26');

#
# Structure for table "tb_subinclass"
#

CREATE TABLE `tb_subinclass` (
  `Id` int(11) NOT NULL AUTO_INCREMENT,
  `subid` int(11) DEFAULT NULL COMMENT '课程id',
  `classid` int(11) DEFAULT NULL COMMENT '班级id',
  PRIMARY KEY (`Id`)
) ENGINE=InnoDB AUTO_INCREMENT=10 DEFAULT CHARSET=utf8;

#
# Data for table "tb_subinclass"
#

INSERT INTO `tb_subinclass` VALUES (1,2,4),(2,3,4),(3,6,4),(4,10,4),(5,11,4),(6,1,1),(7,2,1),(8,3,1),(9,10,1);

#
# Structure for table "tb_subject"
#

CREATE TABLE `tb_subject` (
  `subid` int(11) NOT NULL AUTO_INCREMENT,
  `subname` varchar(255) DEFAULT NULL,
  `teacher` varchar(255) DEFAULT NULL COMMENT '授课讲师',
  `period` int(11) DEFAULT NULL COMMENT '课时',
  `introduction` varchar(255) DEFAULT NULL COMMENT '简介',
  `subinfo` text COMMENT '内容',
  `state` varchar(255) DEFAULT NULL COMMENT '状态',
  `subtype` varchar(255) DEFAULT NULL COMMENT '课程属性,如自学课',
  `regtime` varchar(255) DEFAULT NULL COMMENT '报名时间',
  `regend` varchar(255) DEFAULT NULL COMMENT '报名结束时间',
  `coverpath` varchar(255) DEFAULT NULL COMMENT '课程封面地址',
  PRIMARY KEY (`subid`)
) ENGINE=InnoDB AUTO_INCREMENT=18 DEFAULT CHARSET=utf8 COMMENT='课程项目';

#
# Data for table "tb_subject"
#

INSERT INTO `tb_subject` VALUES (1,'色彩设计课程','拉拉',20,'色彩设计色彩设计色彩设计色彩设计色彩设计色彩设计包色彩设计色彩设计色彩设计色彩设计色彩设计色彩设计色彩设计色彩设计色彩设计色彩设计色彩设计色彩设计色彩设计色彩设计色彩设计色彩设计色彩设计','<p><span>&nbsp; &nbsp; &nbsp; 一部色彩学如果根本不提红、黄、蓝三原色，或者有能力阅读色彩学，却还不知三原色的，两者同样贻笑大方，不可思议。本文阐述详尽简略，各处不同，体现了“加强务实，压缩务虚”的宗旨，将最容易左右技法的问题，首先摆在读者的面前。</span>&nbsp; &nbsp; &nbsp;</p><div class=\"para-title level-2\" label-module=\"para-title\"><h2 class=\"title-text\">目录</h2></div><div class=\"para\" label-module=\"para\">1.色彩概述</div><div class=\"para\" label-module=\"para\">2.色彩能为视觉感知的两个条件</div><div class=\"para\" label-module=\"para\">3.各类色光环境举例</div><div class=\"para\" label-module=\"para\">4.构成色彩的三要素</div><div class=\"para\" label-module=\"para\">5.驾御色彩 主动表现</div><div class=\"para\" label-module=\"para\">6.注重色彩的主观心理因素</div><div class=\"para\" label-module=\"para\">7.色彩参考作品</div><div class=\"anchor-list \"><a name=\"2\" class=\"lemma-anchor para-title\"></a><a name=\"sub5885215_2\" class=\"lemma-anchor \"></a><a name=\"精彩页\" class=\"lemma-anchor \"></a></div><div class=\"para-title level-2\" label-module=\"para-title\"><h2 class=\"title-text\">精彩页</h2></div><div class=\"para\" label-module=\"para\">特定环境下，物体在色彩方面也都具有特定的个性。如同世界上没有两片完全相同的树叶，不同物体在不同环境中，诸多因素构成色彩差别，往往极为微妙。这些差别，只能凭藉<a target=\"_blank\" href=\"https://baike.baidu.com/item/%E8%89%BA%E6%9C%AF%E5%AE%B6/23418\" data-lemmaid=\"23418\">艺术家</a>个人敏锐的目光，作出恰当判断，任何机械的测算，对于艺术来说，没有实际意义。</div>      ','1','默认',NULL,NULL,'/upload/upload/images/subject1.png'),(2,'场景设计课程一','圈圈',10,'本课程将从色彩、透视、材质、构图等基础内容出发，结合大量案例，详细讲解中国风、欧美风、科幻风、卡通风等不同风格的场景概念设计，更有行业现状、工作技巧、就业指导等接地气的软知识分享。','<p><span>本课程将从色彩、透视、材质、构图等基础内容出发，结合大量案例，详细讲解中国风、欧美风、科幻风、卡通风等不同风格的场景概念设计，更有行业现状、工作技巧、就业指导等接地气的软知识分享。认真学完，您就可以上岗啦！</span></p><p><span>本课程将从色彩、透视、材质、构图等基础内容出发，结合大量案例，详细讲解中国风、欧美风、科幻风、卡通风等不同风格的场景概念设计，更有行业现状、工作技巧、就业指导等接地气的软知识分享。认真学完，您就可以上岗啦！</span></p><p><span>本课程将从色彩、透视、材质、构图等基础内容出发，结合大量案例，详细讲解中国风、欧美风、科幻风、卡通风等不同风格的场景概念设计，更有行业现状、工作技巧、就业指导等接地气的软知识分享。认真学完，您就可以上岗啦！</span><span>本课程将从色彩、透视、材质、构图等基础内容出发，结合大量案例，详细讲解中国风、欧美风、科幻风、卡通风等不同风格的场景概念设计，更有行业现状、工作技巧、就业指导等接地气的软知识分享。认真学完，您就可以上岗啦！</span></p><p><span>本课程将从色彩、透视、材质、构图等基础内容出发，结合大量案例，详细讲解中国风、欧美风、科幻风、卡通风等不同风格的场景概念设计，更有行业现状、工作技巧、就业指导等接地气的软知识分享。认真学完，您就可以上岗啦！</span><span>本课程将从色彩、透视、材质、构图等基础内容出发，结合大量案例，详细讲解中国风、欧美风、科幻风、卡通风等不同风格的场景概念设计，更有行业现状、工作技巧、就业指导等接地气的软知识分享。认真学完，您就可以上岗啦！</span><span>本课程将从色彩、透视、材质、构图等基础内容出发，结合大量案例，详细讲解中国风、欧美风、科幻风、卡通风等不同风格的场景概念设计，更有行业现状、工作技巧、就业指导等接地气的软知识分享。认真学完，您就可以上岗啦！</span></p><p><span>本课程将从色彩、透视、材质、构图等基础内容出发，结合大量案例，详细讲解中国风、欧美风、科幻风、卡通风等不同风格的场景概念设计，更有行业现状、工作技巧、就业指导等接地气的软知识分享。认真学完，您就可以上岗啦！</span></p><p><span>本课程将从色彩、透视、材质、构图等基础内容出发，结合大量案例，详细讲解中国风、欧美风、科幻风、卡通风等不同风格的场景概念设计，更有行业现状、工作技巧、就业指导等接地气的软知识分享。认真学完，您就可以上岗啦！</span><span>本课程将从色彩、透视、材质、构图等基础内容出发，结合大量案例，详细讲解中国风、欧美风、科幻风、卡通风等不同风格的场景概念设计，更有行业现状、工作技巧、就业指导等接地气的软知识分享。认真学完，您就可以上岗啦！</span><span>本课程将从色彩、透视、材质、构图等基础内容出发，结合大量案例，详细讲解中国风、欧美风、科幻风、卡通风等不同风格的场景概念设计，更有行业现状、工作技巧、就业指导等接地气的软知识分享。认真学完，您就可以上岗啦！</span><span>本课程将从色彩、透视、材质、构图等基础内容出发，结合大量案例，详细讲解中国风、欧美风、科幻风、卡通风等不同风格的场景概念设计，更有行业现状、工作技巧、就业指导等接地气的软知识分享。认真学完，您就可以上岗啦！</span><span>本课程将从色彩、透视、材质、构图等基础内容出发，结合大量案例，详细讲解中国风、欧美风、科幻风、卡通风等不同风格的场景概念设计，更有行业现状、工作技巧、就业指导等接地气的软知识分享。认真学完，您就可以上岗啦！</span><span>本课程将从色彩、透视、材质、构图等基础内容出发，结合大量案例，详细讲解中国风、欧美风、科幻风、卡通风等不同风格的场景概念设计，更有行业现状、工作技巧、就业指导等接地气的软知识分享。认真学完，您就可以上岗啦！</span></p>','1','班级课程',NULL,NULL,'/upload/upload/images/subject5.jpg'),(3,'场景设计课程二','2323',15,'本课程将从色彩、透视、材质、构图等基础内容出发，结合大量案例，详细讲解中国风、欧美风、科幻风、卡通风等不同风格的场景概念设计，更有行业现状、工作技巧、就业指导等接地气的软知识分享。','<p><span>本课程将从色彩、透视、材质、构图等基础内容出发，结合大量案例，详细讲解中国风、欧美风、科幻风、卡通风等不同风格的场景概念设计，更有行业现状、工作技巧、就业指导等接地气的软知识分享。认真学完，您就可以上岗啦！</span><span>本课程将从色彩、透视、材质、构图等基础内容出发，结合大量案例，详细讲解中国风、欧美风、科幻风、卡通风等不同风格的场景概念设计，更有行业现状、工作技巧、就业指导等接地气的软知识分享。认真学完，您就可以上岗啦！</span><span>本课程将从色彩、透视、材质、构图等基础内容出发，结合大量案例，详细讲解中国风、欧美风、科幻风、卡通风等不同风格的场景概念设计，更有行业现状、工作技巧、就业指导等接地气的软知识分享。认真学完，您就可以上岗啦！</span><span>本课程将从色彩、透视、材质、构图等基础内容出发，结合大量案例，详细讲解中国风、欧美风、科幻风、卡通风等不同风格的场景概念设计，更有行业现状、工作技巧、就业指导等接地气的软知识分享。认真学完，您就可以上岗啦！</span><span>本课程将从色彩、透视、材质、构图等基础内容出发，结合大量案例，详细讲解中国风、欧美风、科幻风、卡通风等不同风格的场景概念设计，更有行业现状、工作技巧、就业指导等接地气的软知识分享。认真学完，您就可以上岗啦！</span><span>本课程将从色彩、透视、材质、构图等基础内容出发，结合大量案例，详细讲解中国风、欧美风、科幻风、卡通风等不同风格的场景概念设计，更有行业现状、工作技巧、就业指导等接地气的软知识分享。认真学完，您就可以上岗啦！</span><span>本课程将从色彩、透视、材质、构图等基础内容出发，结合大量案例，详细讲解中国风、欧美风、科幻风、卡通风等不同风格的场景概念设计，更有行业现状、工作技巧、就业指导等接地气的软知识分享。认真学完，您就可以上岗啦！</span><span>本课程将从色彩、透视、材质、构图等基础内容出发，结合大量案例，详细讲解中国风、欧美风、科幻风、卡通风等不同风格的场景概念设计，更有行业现状、工作技巧、就业指导等接地气的软知识分享。认真学完，您就可以上岗啦！</span><span>本课程将从色彩、透视、材质、构图等基础内容出发，结合大量案例，详细讲解中国风、欧美风、科幻风、卡通风等不同风格的场景概念设计，更有行业现状、工作技巧、就业指导等接地气的软知识分享。认真学完，您就可以上岗啦！</span><span>本课程将从色彩、透视、材质、构图等基础内容出发，结合大量案例，详细讲解中国风、欧美风、科幻风、卡通风等不同风格的场景概念设计，更有行业现状、工作技巧、就业指导等接地气的软知识分享。认真学完，您就可以上岗啦！</span><span>本课程将从色彩、透视、材质、构图等基础内容出发，结合大量案例，详细讲解中国风、欧美风、科幻风、卡通风等不同风格的场景概念设计，更有行业现状、工作技巧、就业指导等接地气的软知识分享。认真学完，您就可以上岗啦！</span><span>本课程将从色彩、透视、材质、构图等基础内容出发，结合大量案例，详细讲解中国风、欧美风、科幻风、卡通风等不同风格的场景概念设计，更有行业现状、工作技巧、就业指导等接地气的软知识分享。认真学完，您就可以上岗啦！</span><span>本课程将从色彩、透视、材质、构图等基础内容出发，结合大量案例，详细讲解中国风、欧美风、科幻风、卡通风等不同风格的场景概念设计，更有行业现状、工作技巧、就业指导等接地气的软知识分享。认真学完，您就可以上岗啦！</span><span>本课程将从色彩、透视、材质、构图等基础内容出发，结合大量案例，详细讲解中国风、欧美风、科幻风、卡通风等不同风格的场景概念设计，更有行业现状、工作技巧、就业指导等接地气的软知识分享。认真学完，您就可以上岗啦！</span><span>本课程将从色彩、透视、材质、构图等基础内容出发，结合大量案例，详细讲解中国风、欧美风、科幻风、卡通风等不同风格的场景概念设计，更有行业现状、工作技巧、就业指导等接地气的软知识分享。认真学完，您就可以上岗啦！</span><span>本课程将从色彩、透视、材质、构图等基础内容出发，结合大量案例，详细讲解中国风、欧美风、科幻风、卡通风等不同风格的场景概念设计，更有行业现状、工作技巧、就业指导等接地气的软知识分享。认真学完，您就可以上岗啦！</span><span>本课程将从色彩、透视、材质、构图等基础内容出发，结合大量案例，详细讲解中国风、欧美风、科幻风、卡通风等不同风格的场景概念设计，更有行业现状、工作技巧、就业指导等接地气的软知识分享。认真学完，您就可以上岗啦！</span><span>本课程将从色彩、透视、材质、构图等基础内容出发，结合大量案例，详细讲解中国风、欧美风、科幻风、卡通风等不同风格的场景概念设计，更有行业现状、工作技巧、就业指导等接地气的软知识分享。认真学完，您就可以上岗啦！</span><span>本课程将从色彩、透视、材质、构图等基础内容出发，结合大量案例，详细讲解中国风、欧美风、科幻风、卡通风等不同风格的场景概念设计，更有行业现状、工作技巧、就业指导等接地气的软知识分享。认真学完，您就可以上岗啦！</span><span>本课程将从色彩、透视、材质、构图等基础内容出发，结合大量案例，详细讲解中国风、欧美风、科幻风、卡通风等不同风格的场景概念设计，更有行业现状、工作技巧、就业指导等接地气的软知识分享。认真学完，您就可以上岗啦！</span><span>本课程将从色彩、透视、材质、构图等基础内容出发，结合大量案例，详细讲解中国风、欧美风、科幻风、卡通风等不同风格的场景概念设计，更有行业现状、工作技巧、就业指导等接地气的软知识分享。认真学完，您就可以上岗啦！</span><span>本课程将从色彩、透视、材质、构图等基础内容出发，结合大量案例，详细讲解中国风、欧美风、科幻风、卡通风等不同风格的场景概念设计，更有行业现状、工作技巧、就业指导等接地气的软知识分享。认真学完，您就可以上岗啦！</span></p>','1','班级课程',NULL,NULL,'/upload/upload/images/subject6.jpg'),(6,'场景设计课程三','asds',15,'本课程将从色彩、透视、材质、构图等基础内容出发，结合大量案例，详细讲解中国风、欧美风、科幻风、卡通风等不同风格的场景概念设计，更有行业现状、工作技巧、就业指导等接地气的软知识分享。','<p><span>本课程将从色彩、透视、材质、构图等基础内容出发，结合大量案例，详细讲解中国风、欧美风、科幻风、卡通风等不同风格的场景概念设计，更有行业现状、工作技巧、就业指导等接地气的软知识分享。认真学完，您就可以上岗啦！</span><span>本课程将从色彩、透视、材质、构图等基础内容出发，结合大量案例，详细讲解中国风、欧美风、科幻风、卡通风等不同风格的场景概念设计，更有行业现状、工作技巧、就业指导等接地气的软知识分享。认真学完，您就可以上岗啦！</span><span>本课程将从色彩、透视、材质、构图等基础内容出发，结合大量案例，详细讲解中国风、欧美风、科幻风、卡通风等不同风格的场景概念设计，更有行业现状、工作技巧、就业指导等接地气的软知识分享。认真学完，您就可以上岗啦！</span><span>本课程将从色彩、透视、材质、构图等基础内容出发，结合大量案例，详细讲解中国风、欧美风、科幻风、卡通风等不同风格的场景概念设计，更有行业现状、工作技巧、就业指导等接地气的软知识分享。认真学完，您就可以上岗啦！</span><span>本课程将从色彩、透视、材质、构图等基础内容出发，结合大量案例，详细讲解中国风、欧美风、科幻风、卡通风等不同风格的场景概念设计，更有行业现状、工作技巧、就业指导等接地气的软知识分享。认真学完，您就可以上岗啦！</span><span>本课程将从色彩、透视、材质、构图等基础内容出发，结合大量案例，详细讲解中国风、欧美风、科幻风、卡通风等不同风格的场景概念设计，更有行业现状、工作技巧、就业指导等接地气的软知识分享。认真学完，您就可以上岗啦！</span><span>本课程将从色彩、透视、材质、构图等基础内容出发，结合大量案例，详细讲解中国风、欧美风、科幻风、卡通风等不同风格的场景概念设计，更有行业现状、工作技巧、就业指导等接地气的软知识分享。认真学完，您就可以上岗啦！</span><span>本课程将从色彩、透视、材质、构图等基础内容出发，结合大量案例，详细讲解中国风、欧美风、科幻风、卡通风等不同风格的场景概念设计，更有行业现状、工作技巧、就业指导等接地气的软知识分享。认真学完，您就可以上岗啦！</span><span>本课程将从色彩、透视、材质、构图等基础内容出发，结合大量案例，详细讲解中国风、欧美风、科幻风、卡通风等不同风格的场景概念设计，更有行业现状、工作技巧、就业指导等接地气的软知识分享。认真学完，您就可以上岗啦！</span><span>本课程将从色彩、透视、材质、构图等基础内容出发，结合大量案例，详细讲解中国风、欧美风、科幻风、卡通风等不同风格的场景概念设计，更有行业现状、工作技巧、就业指导等接地气的软知识分享。认真学完，您就可以上岗啦！</span><span>本课程将从色彩、透视、材质、构图等基础内容出发，结合大量案例，详细讲解中国风、欧美风、科幻风、卡通风等不同风格的场景概念设计，更有行业现状、工作技巧、就业指导等接地气的软知识分享。认真学完，您就可以上岗啦！</span><span>本课程将从色彩、透视、材质、构图等基础内容出发，结合大量案例，详细讲解中国风、欧美风、科幻风、卡通风等不同风格的场景概念设计，更有行业现状、工作技巧、就业指导等接地气的软知识分享。认真学完，您就可以上岗啦！</span><span>本课程将从色彩、透视、材质、构图等基础内容出发，结合大量案例，详细讲解中国风、欧美风、科幻风、卡通风等不同风格的场景概念设计，更有行业现状、工作技巧、就业指导等接地气的软知识分享。认真学完，您就可以上岗啦！</span><span>本课程将从色彩、透视、材质、构图等基础内容出发，结合大量案例，详细讲解中国风、欧美风、科幻风、卡通风等不同风格的场景概念设计，更有行业现状、工作技巧、就业指导等接地气的软知识分享。认真学完，您就可以上岗啦！</span><span>本课程将从色彩、透视、材质、构图等基础内容出发，结合大量案例，详细讲解中国风、欧美风、科幻风、卡通风等不同风格的场景概念设计，更有行业现状、工作技巧、就业指导等接地气的软知识分享。认真学完，您就可以上岗啦！</span><span>本课程将从色彩、透视、材质、构图等基础内容出发，结合大量案例，详细讲解中国风、欧美风、科幻风、卡通风等不同风格的场景概念设计，更有行业现状、工作技巧、就业指导等接地气的软知识分享。认真学完，您就可以上岗啦！</span><span>本课程将从色彩、透视、材质、构图等基础内容出发，结合大量案例，详细讲解中国风、欧美风、科幻风、卡通风等不同风格的场景概念设计，更有行业现状、工作技巧、就业指导等接地气的软知识分享。认真学完，您就可以上岗啦！</span></p>      ','1','班级课程',NULL,NULL,'/upload/upload/images/jk5.jpg'),(10,'场景设计四','wwq',20,'本课程将从色彩、透视、材质、构图等基础内容出发，结合大量案例，详细讲解中国风、欧美风、科幻风、卡通风等不同风格的场景概念设计，更有行业现状、工作技巧、就业指导等接地气的软知识分享。','<p><span>本课程将从色彩、透视、材质、构图等基础内容出发，结合大量案例，详细讲解中国风、欧美风、科幻风、卡通风等不同风格的场景概念设计，更有行业现状、工作技巧、就业指导等接地气的软知识分享。认真学完，您就可以上岗啦！</span><span>本课程将从色彩、透视、材质、构图等基础内容出发，结合大量案例，详细讲解中国风、欧美风、科幻风、卡通风等不同风格的场景概念设计，更有行业现状、工作技巧、就业指导等接地气的软知识分享。认真学完，您就可以上岗啦！</span><span>本课程将从色彩、透视、材质、构图等基础内容出发，结合大量案例，详细讲解中国风、欧美风、科幻风、卡通风等不同风格的场景概念设计，更有行业现状、工作技巧、就业指导等接地气的软知识分享。认真学完，您就可以上岗啦！</span><span>本课程将从色彩、透视、材质、构图等基础内容出发，结合大量案例，详细讲解中国风、欧美风、科幻风、卡通风等不同风格的场景概念设计，更有行业现状、工作技巧、就业指导等接地气的软知识分享。认真学完，您就可以上岗啦！</span><span>本课程将从色彩、透视、材质、构图等基础内容出发，结合大量案例，详细讲解中国风、欧美风、科幻风、卡通风等不同风格的场景概念设计，更有行业现状、工作技巧、就业指导等接地气的软知识分享。认真学完，您就可以上岗啦！</span><span>本课程将从色彩、透视、材质、构图等基础内容出发，结合大量案例，详细讲解中国风、欧美风、科幻风、卡通风等不同风格的场景概念设计，更有行业现状、工作技巧、就业指导等接地气的软知识分享。认真学完，您就可以上岗啦！</span><span>本课程将从色彩、透视、材质、构图等基础内容出发，结合大量案例，详细讲解中国风、欧美风、科幻风、卡通风等不同风格的场景概念设计，更有行业现状、工作技巧、就业指导等接地气的软知识分享。认真学完，您就可以上岗啦！</span><span>本课程将从色彩、透视、材质、构图等基础内容出发，结合大量案例，详细讲解中国风、欧美风、科幻风、卡通风等不同风格的场景概念设计，更有行业现状、工作技巧、就业指导等接地气的软知识分享。认真学完，您就可以上岗啦！</span><span>本课程将从色彩、透视、材质、构图等基础内容出发，结合大量案例，详细讲解中国风、欧美风、科幻风、卡通风等不同风格的场景概念设计，更有行业现状、工作技巧、就业指导等接地气的软知识分享。认真学完，您就可以上岗啦！</span><span>本课程将从色彩、透视、材质、构图等基础内容出发，结合大量案例，详细讲解中国风、欧美风、科幻风、卡通风等不同风格的场景概念设计，更有行业现状、工作技巧、就业指导等接地气的软知识分享。认真学完，您就可以上岗啦！</span><span>本课程将从色彩、透视、材质、构图等基础内容出发，结合大量案例，详细讲解中国风、欧美风、科幻风、卡通风等不同风格的场景概念设计，更有行业现状、工作技巧、就业指导等接地气的软知识分享。认真学完，您就可以上岗啦！</span><span>本课程将从色彩、透视、材质、构图等基础内容出发，结合大量案例，详细讲解中国风、欧美风、科幻风、卡通风等不同风格的场景概念设计，更有行业现状、工作技巧、就业指导等接地气的软知识分享。认真学完，您就可以上岗啦！</span><span>本课程将从色彩、透视、材质、构图等基础内容出发，结合大量案例，详细讲解中国风、欧美风、科幻风、卡通风等不同风格的场景概念设计，更有行业现状、工作技巧、就业指导等接地气的软知识分享。认真学完，您就可以上岗啦！</span><span>本课程将从色彩、透视、材质、构图等基础内容出发，结合大量案例，详细讲解中国风、欧美风、科幻风、卡通风等不同风格的场景概念设计，更有行业现状、工作技巧、就业指导等接地气的软知识分享。认真学完，您就可以上岗啦！</span><span>本课程将从色彩、透视、材质、构图等基础内容出发，结合大量案例，详细讲解中国风、欧美风、科幻风、卡通风等不同风格的场景概念设计，更有行业现状、工作技巧、就业指导等接地气的软知识分享。认真学完，您就可以上岗啦！</span></p>','1','班级课程',NULL,NULL,'/upload/upload/images/c5.jpg'),(11,'场景设计课程五','企鹅',15,'本课程将从色彩、透视、材质、构图等基础内容出发，结合大量案例，详细讲解中国风、欧美风、科幻风、卡通风等不同风格的场景概念设计，更有行业现状、工作技巧、就业指导等接地气的软知识分享。','<p><span>本课程将从色彩、透视、材质、构图等基础内容出发，结合大量案例，详细讲解中国风、欧美风、科幻风、卡通风等不同风格的场景概念设计，更有行业现状、工作技巧、就业指导等接地气的软知识分享。认真学完，您就可以上岗啦！</span><span>本课程将从色彩、透视、材质、构图等基础内容出发，结合大量案例，详细讲解中国风、欧美风、科幻风、卡通风等不同风格的场景概念设计，更有行业现状、工作技巧、就业指导等接地气的软知识分享。认真学完，您就可以上岗啦！</span><span>本课程将从色彩、透视、材质、构图等基础内容出发，结合大量案例，详细讲解中国风、欧美风、科幻风、卡通风等不同风格的场景概念设计，更有行业现状、工作技巧、就业指导等接地气的软知识分享。认真学完，您就可以上岗啦！</span><span>本课程将从色彩、透视、材质、构图等基础内容出发，结合大量案例，详细讲解中国风、欧美风、科幻风、卡通风等不同风格的场景概念设计，更有行业现状、工作技巧、就业指导等接地气的软知识分享。认真学完，您就可以上岗啦！</span><span>本课程将从色彩、透视、材质、构图等基础内容出发，结合大量案例，详细讲解中国风、欧美风、科幻风、卡通风等不同风格的场景概念设计，更有行业现状、工作技巧、就业指导等接地气的软知识分享。认真学完，您就可以上岗啦！</span><span>本课程将从色彩、透视、材质、构图等基础内容出发，结合大量案例，详细讲解中国风、欧美风、科幻风、卡通风等不同风格的场景概念设计，更有行业现状、工作技巧、就业指导等接地气的软知识分享。认真学完，您就可以上岗啦！</span><span>本课程将从色彩、透视、材质、构图等基础内容出发，结合大量案例，详细讲解中国风、欧美风、科幻风、卡通风等不同风格的场景概念设计，更有行业现状、工作技巧、就业指导等接地气的软知识分享。认真学完，您就可以上岗啦！</span><span>本课程将从色彩、透视、材质、构图等基础内容出发，结合大量案例，详细讲解中国风、欧美风、科幻风、卡通风等不同风格的场景概念设计，更有行业现状、工作技巧、就业指导等接地气的软知识分享。认真学完，您就可以上岗啦！</span><span>本课程将从色彩、透视、材质、构图等基础内容出发，结合大量案例，详细讲解中国风、欧美风、科幻风、卡通风等不同风格的场景概念设计，更有行业现状、工作技巧、就业指导等接地气的软知识分享。认真学完，您就可以上岗啦！</span><span>本课程将从色彩、透视、材质、构图等基础内容出发，结合大量案例，详细讲解中国风、欧美风、科幻风、卡通风等不同风格的场景概念设计，更有行业现状、工作技巧、就业指导等接地气的软知识分享。认真学完，您就可以上岗啦！</span><span>本课程将从色彩、透视、材质、构图等基础内容出发，结合大量案例，详细讲解中国风、欧美风、科幻风、卡通风等不同风格的场景概念设计，更有行业现状、工作技巧、就业指导等接地气的软知识分享。认真学完，您就可以上岗啦！</span><span>本课程将从色彩、透视、材质、构图等基础内容出发，结合大量案例，详细讲解中国风、欧美风、科幻风、卡通风等不同风格的场景概念设计，更有行业现状、工作技巧、就业指导等接地气的软知识分享。认真学完，您就可以上岗啦！</span><span>本课程将从色彩、透视、材质、构图等基础内容出发，结合大量案例，详细讲解中国风、欧美风、科幻风、卡通风等不同风格的场景概念设计，更有行业现状、工作技巧、就业指导等接地气的软知识分享。认真学完，您就可以上岗啦！</span><span>本课程将从色彩、透视、材质、构图等基础内容出发，结合大量案例，详细讲解中国风、欧美风、科幻风、卡通风等不同风格的场景概念设计，更有行业现状、工作技巧、就业指导等接地气的软知识分享。认真学完，您就可以上岗啦！</span><span>本课程将从色彩、透视、材质、构图等基础内容出发，结合大量案例，详细讲解中国风、欧美风、科幻风、卡通风等不同风格的场景概念设计，更有行业现状、工作技巧、就业指导等接地气的软知识分享。认真学完，您就可以上岗啦！</span><span>本课程将从色彩、透视、材质、构图等基础内容出发，结合大量案例，详细讲解中国风、欧美风、科幻风、卡通风等不同风格的场景概念设计，更有行业现状、工作技巧、就业指导等接地气的软知识分享。认真学完，您就可以上岗啦！</span></p>','1','班级课程',NULL,NULL,'/upload/upload/images/c7.png'),(12,'pr入门理论基础一','徐亚',5,'相对AE软件来说，PR确实简单不少，下面针对第一次使用pr软件，如何创建项目，导入素材等操作。','<div><div><p>学完知识Premiere教程后，就是在工作学习中实战多练，必须多练，活学活用！不用等于没学！<b>文末更精彩！</b></p><p>学习了pr之后，当你面对很多素材要剪辑的时候，没有一些小技巧，恐怕就得弄得头昏眼花。不但效率不高，出来的作品也不如意。今天，知识兔决定整理一下目前学到的几个pr小技巧，希望对你们也有帮助。</p><p>在轨道上复制素材：Alt+拖动</p><p>当你想要在轨道上复制素材的时候，你是不是一个一个的复制，感觉好慢呀。其实只要按住Alt+拖动，就可以快速复制啦。</p><p class=\"ztext-empty-paragraph\"><br></p><figure data-size=\"normal\"><noscript><img src=\"https://pic4.zhimg.com/50/v2-ba09b7b6824a0b8ffbf2d7a7aba88069_hd.gif?source=1940ef5c\" data-caption=\"\" data-size=\"normal\" data-rawwidth=\"400\" data-rawheight=\"153\" data-thumbnail=\"https://pic1.zhimg.com/50/v2-ba09b7b6824a0b8ffbf2d7a7aba88069_hd.jpg?source=1940ef5c\" class=\"content_image\" width=\"400\"/></noscript><div class=\"RichText-gifPlaceholder\"><div class=\"GifPlayer\" data-size=\"normal\" data-za-detail-view-path-module=\"GifItem\"><img class=\"ztext-gif\" role=\"presentation\" src=\"https://pic1.zhimg.com/50/v2-ba09b7b6824a0b8ffbf2d7a7aba88069_hd.jpg?source=1940ef5c\" data-thumbnail=\"https://pic1.zhimg.com/50/v2-ba09b7b6824a0b8ffbf2d7a7aba88069_hd.jpg?source=1940ef5c\" data-size=\"normal\"><svg width=\"60\" height=\"60\" viewBox=\"0 0 60 60\" class=\"GifPlayer-icon\"><g fill=\"none\" fill-rule=\"evenodd\"><ellipse fill=\"#000\" opacity=\"0.45\" cx=\"30\" cy=\"30\" rx=\"30\" ry=\"30\"></ellipse><ellipse stroke=\"#FFF\" stroke-width=\"2\" stroke-linecap=\"round\" stroke-linejoin=\"round\" stroke-dasharray=\"4,1,4\" cx=\"30\" cy=\"30\" rx=\"26\" ry=\"26\"></ellipse><svg x=\"16\" y=\"18.5\" class=\"GifPlayer-icon\"><path d=\"M12.842 12.981V11.4H7.64v1.653h3.27v.272c-.018 1.881-1.442 3.147-3.516 3.147-2.382 0-3.876-1.846-3.876-4.834 0-2.936 1.485-4.79 3.832-4.79 1.732 0 2.936.835 3.428 2.364h1.977c-.43-2.566-2.522-4.201-5.405-4.201-3.55 0-5.845 2.601-5.845 6.644 0 4.096 2.268 6.654 5.863 6.654 3.322 0 5.475-2.083 5.475-5.327zM17.518 18V5.317H15.55V18h1.97zm5.142 0v-5.256h5.449v-1.74h-5.45V7.11h5.95V5.317h-7.918V18h1.969z\" fill=\"#fff\"></path></svg></g></svg></div></div></figure><p class=\"ztext-empty-paragraph\"><br></p><p>从素材库中插入素材：“，”键</p><p class=\"ztext-empty-paragraph\"><br></p><p>当你已经剪辑完一段素材的时候，突然，想在其中某个位置插入另一段素材，只要把时间标尺放在要插入的位置，然后在英文输入法下按“，”键，就可以搞定。</p><p class=\"ztext-empty-paragraph\"><br></p><figure data-size=\"normal\"><noscript><img src=\"https://pic2.zhimg.com/50/v2-e2e359a2643ef09be906d5c28c0228a9_hd.gif?source=1940ef5c\" data-caption=\"\" data-size=\"normal\" data-rawwidth=\"400\" data-rawheight=\"84\" data-thumbnail=\"https://pic4.zhimg.com/50/v2-e2e359a2643ef09be906d5c28c0228a9_hd.jpg?source=1940ef5c\" class=\"content_image\" width=\"400\"/></noscript><div class=\"RichText-gifPlaceholder\"><div class=\"GifPlayer\" data-size=\"normal\" data-za-detail-view-path-module=\"GifItem\"><img class=\"ztext-gif\" role=\"presentation\" src=\"https://pic4.zhimg.com/50/v2-e2e359a2643ef09be906d5c28c0228a9_hd.jpg?source=1940ef5c\" data-thumbnail=\"https://pic4.zhimg.com/50/v2-e2e359a2643ef09be906d5c28c0228a9_hd.jpg?source=1940ef5c\" data-size=\"normal\"><svg width=\"60\" height=\"60\" viewBox=\"0 0 60 60\" class=\"GifPlayer-icon\"><g fill=\"none\" fill-rule=\"evenodd\"><ellipse fill=\"#000\" opacity=\"0.45\" cx=\"30\" cy=\"30\" rx=\"30\" ry=\"30\"></ellipse><ellipse stroke=\"#FFF\" stroke-width=\"2\" stroke-linecap=\"round\" stroke-linejoin=\"round\" stroke-dasharray=\"4,1,4\" cx=\"30\" cy=\"30\" rx=\"26\" ry=\"26\"></ellipse><svg x=\"16\" y=\"18.5\" class=\"GifPlayer-icon\"><path d=\"M12.842 12.981V11.4H7.64v1.653h3.27v.272c-.018 1.881-1.442 3.147-3.516 3.147-2.382 0-3.876-1.846-3.876-4.834 0-2.936 1.485-4.79 3.832-4.79 1.732 0 2.936.835 3.428 2.364h1.977c-.43-2.566-2.522-4.201-5.405-4.201-3.55 0-5.845 2.601-5.845 6.644 0 4.096 2.268 6.654 5.863 6.654 3.322 0 5.475-2.083 5.475-5.327zM17.518 18V5.317H15.55V18h1.97zm5.142 0v-5.256h5.449v-1.74h-5.45V7.11h5.95V5.317h-7.918V18h1.969z\" fill=\"#fff\"></path></svg></g></svg></div></div></figure><p class=\"ztext-empty-paragraph\"><br></p><p>ctrl+拖动</p><p>当你要把两段素材互换位置的时候，直接按住Alt+ctrl+拖动，就可以把位置快速对换过来。</p><p class=\"ztext-empty-paragraph\"><br></p><figure data-size=\"normal\"><noscript><img src=\"https://pic4.zhimg.com/50/v2-1ce7e7af9da2adbf8c6ebe660d8a980c_hd.gif?source=1940ef5c\" data-caption=\"\" data-size=\"normal\" data-rawwidth=\"400\" data-rawheight=\"153\" data-thumbnail=\"https://pic2.zhimg.com/50/v2-1ce7e7af9da2adbf8c6ebe660d8a980c_hd.jpg?source=1940ef5c\" class=\"content_image\" width=\"400\"/></noscript><div class=\"RichText-gifPlaceholder\"><div class=\"GifPlayer\" data-size=\"normal\" data-za-detail-view-path-module=\"GifItem\"><img class=\"ztext-gif\" role=\"presentation\" src=\"https://pic2.zhimg.com/50/v2-1ce7e7af9da2adbf8c6ebe660d8a980c_hd.jpg?source=1940ef5c\" data-thumbnail=\"https://pic2.zhimg.com/50/v2-1ce7e7af9da2adbf8c6ebe660d8a980c_hd.jpg?source=1940ef5c\" data-size=\"normal\"><svg width=\"60\" height=\"60\" viewBox=\"0 0 60 60\" class=\"GifPlayer-icon\"><g fill=\"none\" fill-rule=\"evenodd\"><ellipse fill=\"#000\" opacity=\"0.45\" cx=\"30\" cy=\"30\" rx=\"30\" ry=\"30\"></ellipse><ellipse stroke=\"#FFF\" stroke-width=\"2\" stroke-linecap=\"round\" stroke-linejoin=\"round\" stroke-dasharray=\"4,1,4\" cx=\"30\" cy=\"30\" rx=\"26\" ry=\"26\"></ellipse><svg x=\"16\" y=\"18.5\" class=\"GifPlayer-icon\"><path d=\"M12.842 12.981V11.4H7.64v1.653h3.27v.272c-.018 1.881-1.442 3.147-3.516 3.147-2.382 0-3.876-1.846-3.876-4.834 0-2.936 1.485-4.79 3.832-4.79 1.732 0 2.936.835 3.428 2.364h1.977c-.43-2.566-2.522-4.201-5.405-4.201-3.55 0-5.845 2.601-5.845 6.644 0 4.096 2.268 6.654 5.863 6.654 3.322 0 5.475-2.083 5.475-5.327zM17.518 18V5.317H15.55V18h1.97zm5.142 0v-5.256h5.449v-1.74h-5.45V7.11h5.95V5.317h-7.918V18h1.969z\" fill=\"#fff\"></path></svg></g></svg></div></div></figure><p class=\"ztext-empty-paragraph\"><br></p><p>向前和向后选择工具</p><p>这个可以快速选择一大段素材，不用先把素材缩小再全选，直接一键搞定。</p><p class=\"ztext-empty-paragraph\"><br></p><figure data-size=\"normal\"><noscript><img src=\"https://pic4.zhimg.com/50/v2-2a3dfcb42eb8c1744d66ad92a3966c54_hd.gif?source=1940ef5c\" data-caption=\"\" data-size=\"normal\" data-rawwidth=\"400\" data-rawheight=\"153\" data-thumbnail=\"https://pic4.zhimg.com/50/v2-2a3dfcb42eb8c1744d66ad92a3966c54_hd.jpg?source=1940ef5c\" class=\"content_image\" width=\"400\"/></noscript><div class=\"RichText-gifPlaceholder\"><div class=\"GifPlayer\" data-size=\"normal\" data-za-detail-view-path-module=\"GifItem\"><img class=\"ztext-gif\" role=\"presentation\" src=\"https://pic4.zhimg.com/50/v2-2a3dfcb42eb8c1744d66ad92a3966c54_hd.jpg?source=1940ef5c\" data-thumbnail=\"https://pic4.zhimg.com/50/v2-2a3dfcb42eb8c1744d66ad92a3966c54_hd.jpg?source=1940ef5c\" data-size=\"normal\"><svg width=\"60\" height=\"60\" viewBox=\"0 0 60 60\" class=\"GifPlayer-icon\"><g fill=\"none\" fill-rule=\"evenodd\"><ellipse fill=\"#000\" opacity=\"0.45\" cx=\"30\" cy=\"30\" rx=\"30\" ry=\"30\"></ellipse><ellipse stroke=\"#FFF\" stroke-width=\"2\" stroke-linecap=\"round\" stroke-linejoin=\"round\" stroke-dasharray=\"4,1,4\" cx=\"30\" cy=\"30\" rx=\"26\" ry=\"26\"></ellipse><svg x=\"16\" y=\"18.5\" class=\"GifPlayer-icon\"><path d=\"M12.842 12.981V11.4H7.64v1.653h3.27v.272c-.018 1.881-1.442 3.147-3.516 3.147-2.382 0-3.876-1.846-3.876-4.834 0-2.936 1.485-4.79 3.832-4.79 1.732 0 2.936.835 3.428 2.364h1.977c-.43-2.566-2.522-4.201-5.405-4.201-3.55 0-5.845 2.601-5.845 6.644 0 4.096 2.268 6.654 5.863 6.654 3.322 0 5.475-2.083 5.475-5.327zM17.518 18V5.317H15.55V18h1.97zm5.142 0v-5.256h5.449v-1.74h-5.45V7.11h5.95V5.317h-7.918V18h1.969z\" fill=\"#fff\"></path></svg></g></svg></div></div></figure><p class=\"ztext-empty-paragraph\"><br></p><p class=\"ztext-empty-paragraph\"><br></p><p>快速切断：Shift+c键</p><p class=\"ztext-empty-paragraph\"><br></p><p>当你使用了多个轨道的时候，需要进行裁切的时候，一般只能一次裁切一个素材，这个时候只要按住Shift+c键就可以一剪到底。</p><p class=\"ztext-empty-paragraph\"><br></p><figure data-size=\"normal\"><noscript><img src=\"https://pic2.zhimg.com/50/v2-bb22b5ad5ecded308e2f499c3253df83_hd.gif?source=1940ef5c\" data-caption=\"\" data-size=\"normal\" data-rawwidth=\"400\" data-rawheight=\"231\" data-thumbnail=\"https://pic1.zhimg.com/50/v2-bb22b5ad5ecded308e2f499c3253df83_hd.jpg?source=1940ef5c\" class=\"content_image\" width=\"400\"/></noscript><div class=\"RichText-gifPlaceholder\"><div class=\"GifPlayer\" data-size=\"normal\" data-za-detail-view-path-module=\"GifItem\"><img class=\"ztext-gif\" role=\"presentation\" src=\"https://pic1.zhimg.com/50/v2-bb22b5ad5ecded308e2f499c3253df83_hd.jpg?source=1940ef5c\" data-thumbnail=\"https://pic1.zhimg.com/50/v2-bb22b5ad5ecded308e2f499c3253df83_hd.jpg?source=1940ef5c\" data-size=\"normal\"><svg width=\"60\" height=\"60\" viewBox=\"0 0 60 60\" class=\"GifPlayer-icon\"><g fill=\"none\" fill-rule=\"evenodd\"><ellipse fill=\"#000\" opacity=\"0.45\" cx=\"30\" cy=\"30\" rx=\"30\" ry=\"30\"></ellipse><ellipse stroke=\"#FFF\" stroke-width=\"2\" stroke-linecap=\"round\" stroke-linejoin=\"round\" stroke-dasharray=\"4,1,4\" cx=\"30\" cy=\"30\" rx=\"26\" ry=\"26\"></ellipse><svg x=\"16\" y=\"18.5\" class=\"GifPlayer-icon\"><path d=\"M12.842 12.981V11.4H7.64v1.653h3.27v.272c-.018 1.881-1.442 3.147-3.516 3.147-2.382 0-3.876-1.846-3.876-4.834 0-2.936 1.485-4.79 3.832-4.79 1.732 0 2.936.835 3.428 2.364h1.977c-.43-2.566-2.522-4.201-5.405-4.201-3.55 0-5.845 2.601-5.845 6.644 0 4.096 2.268 6.654 5.863 6.654 3.322 0 5.475-2.083 5.475-5.327zM17.518 18V5.317H15.55V18h1.97zm5.142 0v-5.256h5.449v-1.74h-5.45V7.11h5.95V5.317h-7.918V18h1.969z\" fill=\"#fff\"></path></svg></g></svg></div></div></figure><p class=\"ztext-empty-paragraph\"><br></p><p>快速查找素材：L键</p><p>按住L键，可以提高播放速度，筛选你想要的素材。如果想要变回原来的播放速度，直接按空格键就可以解决。</p><p>标记素材：标识帧</p><p>使用标识帧设置关键的画面，方便在素材库里面查找</p></div></div>','1','自学课',NULL,NULL,'/upload/upload/images/2021-06-16pr1.jpg'),(13,'pr入门理论基础二','徐亚',5,'相对AE软件来说，PR确实简单不少，下面针对第一次使用pr软件，如何创建项目，导入素材等操作。','<p>一、快速认识 PR 主界面并导入素材</p><p>首先打开 PR 新建项目</p><p><br></p><p><br></p><p><br></p><p>修改 名称、位置，其他不用变，点击确定</p><p><br></p><p><br></p><p><br></p><p>进入界面如下：</p><p><br></p><p><br></p><p><br></p><p>认识、添加必要 窗口</p><p><br></p><p><br></p><p><br></p><p>&nbsp;</p><p><br></p><p>导入媒体以开始，部分右键创建 素材箱</p><p><br></p><p><br></p><p><br></p><p>进入素材箱，右键选择导入，要导入的素材</p><p><br></p><p><br></p><p><br></p><p>将其拖到时间轴窗口</p><p><br></p><p><br></p><p><br></p><p>二、视频剪辑添加音乐</p><p>使用剃刀工具（快捷键 C）</p><p><br></p><p><br></p><p><br></p><p>将视频剪成几部分，用选择工具拖拽</p><p><br></p><p><br></p><p><br></p><p>添加音乐，很简单，将音乐素材拖到时间轴窗口，需要注意M、S，M为静音轨道，S为独奏轨道</p><p><br></p><p><br></p><p><br></p><p>背景音乐声音大小调试，在剪辑混合器</p><p><br></p><p><br></p><p><br></p><p>三、添加字幕</p><p>字幕-&gt;新建字幕-&gt;默认静态字幕</p><p><br></p><p><br></p><p><br></p><p><br></p><p><br></p><p>输入文字，可改变字体，颜色等等，自己想要的。CTRL+S 保存</p><p><br></p><p><br></p><p><br></p><p><br></p><p><br></p><p>然后将字幕拖到时间轴窗口，放到合适位置。</p><p><br></p><p><br></p><p><br></p><p>四、速度与持续时间</p><p>右击，选择速度与持续时间，可改变视频播放速度</p><p><br></p><p><br></p><p><br></p><p><br></p><p><br></p><p>注意，如果选中倒放速度是可以实现倒放效果的</p><p><br></p><p>当然也可以通过快捷键来是实现，比例拉深工具（R）</p><p><br></p><p><br></p><p><br></p><p>五、添加视频效果</p><p>两个视频过度效果，选择一个拖到时间轴窗口。</p><p><br></p><p><br></p>','1','自学课',NULL,NULL,'/upload/upload/images/2021-06-16pr1.jpg'),(14,'pr编辑技能基础一','徐亚',6,'PR是Premiere非线性视频剪辑软件的简称，AE是After Effects是影视特效制作软件的简称，这两款软件同出字ADOBE公司。','<p>视频剪辑制作是先学PR好还是学AE好？PR和AE之间有哪些区别和联系？是很多接触影视制作，或者想自学入门影视制作这行的同学们普遍遇到的问题。PR是Premiere非线性视频剪辑软件的简称，AE是After Effects是影视特效制作软件的简称，这两款软件同出字ADOBE公司。是目前两款在节目录制 视频广告制作，影视后期制作等领域使用广泛的软件。也是所有想入行影视制作，或者自己当导演拍电影制作微电影必备的两款软件。但对于初学者来说，对PR和AE这两款软件经常会分辨不清，或者理解不了PR和AE区别在哪里。今天教程集合站将为大家来分解一下这两款软件的区别和联系：</p><p><span>首先，PR和AE针对视频制作的领域不同。</span>视频制作听上去是一件事情，实质还是可以细分的，比如影视前期剪辑，影视合成，特效制作，影视配音等等。而Premiere是针对影视制作中视频剪辑合成部分的。After Effects则是针对视频特效制作，影视后期特效制作的，所以他们两者的分工是不同的。</p><p><span>其次，PR和AE这两款软件对视频处理时间不同。</span>Pr通常用来处理编辑一两个小时左右的视频片段，主要包括：视频剪接，加字幕、音乐、初级特效。时间线拉的很长，我们形象的叫他横向编辑软件。而Ae则是纵编软件，往往只有几秒、几十秒的视频片段，更注重视频视觉效果渲染，每一秒都有很多层级，各种各样的特效设置，这些层级竖着排列，也就是纵向排列的很长，形象的叫他纵向编辑软件。</p><p><span>再次，PR和AE两者之间的联系。</span>PR和AE可以说在整个影视制作中，最大的不同体现在分工上，Pr更适合分工视频剪辑、配音、添加字幕。Ae则更适合制作视觉特效，他们两者经常是配合使用。比如一部简单的影视作品：头部开场往往很酷炫的那种，就是用AE做出来的，而视频正文内容中镜头的剪辑 转场 字幕 配乐 都是用PR制作的。PR和AE可以说是你中有我 我中有你，他们之间的通力配合才能正在成就一部影视作品。</p><p>最后，回到本篇开始提到的问题：<span>对于初学视频剪辑的同学们应该是先学PR还是学AE？</span>&nbsp;通过以上对PR和AE这两款软件的区别和联系的简单介绍，我想各自心里都有答案了，可以说 你想从事视频制作行业，这PR和AE两款软件都得学习，如果你只是做个视频娱乐玩玩，那么学习PR就够了</p>','1','自学课',NULL,NULL,'/upload/upload/images/2021-06-16b190612-1.jpg'),(15,'pr编辑技能基础二','徐亚',6,'Adobe Premiere是由Adobe公司推出一款常用的非线性视频编辑软件，简称PR。通常和AE特效制作软件一起配合使用，可广泛应用于电视节目制作，视频广告制作，影视后期制作中。','<p>本站收录的《全套Premiere/PR视频教程基础到提高》包括：《Premiere Pro CS4基础视频教程》《Premiere Pro CS5入门视频教学》《Premiere Pro CS6 基础入门视频教程》《Premiere Pro CC 2014 视频教学教程》《Premiere Pro CC 2015视频剪辑制作教程》《Premiere Pro CC 2017入门到精通教学视频》《Premiere Pro CC 2018教学视频教程入门到精通》等。</p><p>Adobe Premiere是由Adobe公司推出一款常用的非线性视频编辑软件，简称PR。通常和AE特效制作软件一起配合使用，可广泛应用于电视节目制作，视频广告制作，影视后期制作中。 目前，Adobe Premiere经过多年的升级改进，目前已经更新到最新的版本：Adobe Premiere Pro 2019。以往的历史版本还有Premiere Pro CS4、Premiere Pro CS5、Premiere Pro CS6、Premiere Pro CC 2014、Premiere Pro CC 2015、Premiere Pro CC 2017、Premiere Pro CC 2018等。本站针对不同时期的Premiere 版本整理收录对应版本的视频教程集合分享给零基础想自学有志从事PR影视制作的同学们。除了视频教程外，还有大量的PR插件，PR素材，PR工程文件和素材，教程资源比较丰富，是一套很好的学习PR视频剪辑制作的参考学习资料。值得收藏！</p><p><span>《全套Premiere/PR视频教程基础到提高》目录截图</span></p><p><img class=\"alignnone wp-image-1864 size-full\" src=\"http://www.jocnbox.com/wp-content/uploads/2019/06/b190610.png\" alt=\"全套PR视频教程PR基础教程PR入门教程目录\" width=\"307\" height=\"398\" srcset=\"http://www.jocnbox.com/wp-content/uploads/2019/06/b190610.png 307w, http://www.jocnbox.com/wp-content/uploads/2019/06/b190610-231x300.png 231w\" sizes=\"(max-width: 307px) 100vw, 307px\"></p><p>另外本篇为 “全套所有版本PR视频教程” 的详情页，如果您想了解不同版本，诸如：Premiere Pro CS4入门教程，Premiere Pro CS5基础教程，Premiere Pro CS6视频教程，Premiere Pro CC 2014-2018零基础入门到精通视频教程等PR教程详情，请到 “<a href=\"http://www.jocnbox.com/category/adobe-premiere/\" data-original-title=\"\" title=\"\">Adobe Premiere视频教程</a>&nbsp;” 目录下分别查阅读。如果想获取《全套Premiere/PR基础入门到提高视频教程》请参与以下获取方法！</p>','1','自学课',NULL,NULL,'/upload/upload/images/2021-06-16b190612-1.jpg'),(16,'pr编辑技能进阶篇一','徐亚',6,'学习了pr之后，当你面对很多素材要剪辑的时候，没有一些小技巧，恐怕就得弄得头昏眼花。不但效率不高，出来的作品也不如意。','<p>学习了pr之后，当你面对很多素材要剪辑的时候，没有一些小技巧，恐怕就得弄得头昏眼花。不但效率不高，出来的作品也不如意。今天，决定整理一下目前学到的几个pr小技巧，希望对你们也有帮助。</p><p><span>在轨道上复制素材：Alt+拖动</span></p><p class=\"ztext-empty-paragraph\"><br></p><p>当你想要在轨道上复制素材的时候，你是不是一个一个的复制，感觉好慢呀。其实只要按住Alt+拖动，就可以快速复制啦。</p><p class=\"ztext-empty-paragraph\"><br></p><figure data-size=\"normal\"><img src=\"https://pic4.zhimg.com/80/v2-2a87f8e556a9e5194d6e0e7326a5fed7_1440w.jpg\" data-caption=\"\" data-size=\"normal\" data-rawwidth=\"400\" data-rawheight=\"153\" class=\"content_image lazy\" width=\"400\" data-actualsrc=\"https://pic4.zhimg.com/v2-2a87f8e556a9e5194d6e0e7326a5fed7_b.jpg\" data-lazy-status=\"ok\"></figure><p class=\"ztext-empty-paragraph\"><br></p><p><span>从素材库中插入素材：“，”键</span></p><p>当你已经剪辑完一段素材的时候，突然，想在其中某个位置插入另一段素材，只要把时间标尺放在要插入的位置，然后在英文输入法下按“，”键，就可以搞定。</p><p class=\"ztext-empty-paragraph\"><br></p><figure data-size=\"normal\"><img src=\"https://pic3.zhimg.com/80/v2-40ab0ab3776ed301ed1e17162acf71b6_1440w.jpg\" data-caption=\"\" data-size=\"normal\" data-rawwidth=\"400\" data-rawheight=\"84\" class=\"content_image lazy\" width=\"400\" data-actualsrc=\"https://pic3.zhimg.com/v2-40ab0ab3776ed301ed1e17162acf71b6_b.jpg\" data-lazy-status=\"ok\"></figure><p class=\"ztext-empty-paragraph\"><br></p><p><span>素材间互换位置：Alt+ctrl+拖动</span></p><p>当你要把两段素材互换位置的时候，直接按住Alt+ctrl+拖动，就可以把位置快速对换过来。</p><p class=\"ztext-empty-paragraph\"><br></p><figure data-size=\"normal\"><img src=\"https://pic4.zhimg.com/80/v2-a95ea6acd1bd3488fa211e076cad0b03_1440w.jpg\" data-caption=\"\" data-size=\"normal\" data-rawwidth=\"400\" data-rawheight=\"153\" class=\"content_image lazy\" width=\"400\" data-actualsrc=\"https://pic4.zhimg.com/v2-a95ea6acd1bd3488fa211e076cad0b03_b.jpg\" data-lazy-status=\"ok\"></figure><p class=\"ztext-empty-paragraph\"><br></p><p><span>向前和向后选择工具</span></p><p>这个可以快速选择一大段素材，不用先把素材缩小再全选，直接一键搞定。</p><p class=\"ztext-empty-paragraph\"><br></p><figure data-size=\"normal\"><img src=\"https://pic2.zhimg.com/80/v2-cd0e9008dca352609eab2f112767cddd_1440w.jpg\" data-caption=\"\" data-size=\"normal\" data-rawwidth=\"400\" data-rawheight=\"153\" class=\"content_image lazy\" width=\"400\" data-actualsrc=\"https://pic2.zhimg.com/v2-cd0e9008dca352609eab2f112767cddd_b.jpg\" data-lazy-status=\"ok\"></figure><p class=\"ztext-empty-paragraph\"><br></p><p><span>快速切断：Shift+c键</span></p><p>当你使用了多个轨道的时候，需要进行裁切的时候，一般只能一次裁切一个素材，这个时候只要按住Shift+c键就可以一剪到底。</p><p class=\"ztext-empty-paragraph\"><br></p><figure data-size=\"normal\"><img src=\"https://pic4.zhimg.com/80/v2-26ec15f2e48ca64890854d96e1643b8b_1440w.jpg\" data-caption=\"\" data-size=\"normal\" data-rawwidth=\"400\" data-rawheight=\"231\" class=\"content_image lazy\" width=\"400\" data-actualsrc=\"https://pic4.zhimg.com/v2-26ec15f2e48ca64890854d96e1643b8b_b.jpg\" data-lazy-status=\"ok\"></figure><p class=\"ztext-empty-paragraph\"><br></p><p><span>快速查找素材：L键</span></p><p>按住L键，可以提高播放速度，筛选你想要的素材。如果想要变回原来的播放速度，直接按空格键就可以解决。</p><p><span>标记素材：标识帧</span></p><p>使用标识帧设置关键的画面，方便在素材库里面查找</p><p class=\"ztext-empty-paragraph\"><br></p><figure data-size=\"normal\"><img src=\"https://pic2.zhimg.com/80/v2-ad796af212fb07c1fa3d2d2e6ecd31f5_1440w.jpg\" data-caption=\"\" data-size=\"normal\" data-rawwidth=\"400\" data-rawheight=\"238\" class=\"content_image lazy\" width=\"400\" data-actualsrc=\"https://pic2.zhimg.com/v2-ad796af212fb07c1fa3d2d2e6ecd31f5_b.jpg\" data-lazy-status=\"ok\"></figure>','1','自学课',NULL,NULL,'/upload/upload/images/2021-06-16pr2.jpg'),(17,'pr编辑技能进阶二','徐亚',7,'场景编辑检测，使用场景编辑检测功能时，Pr 会分析视频，检测拼合素材中的场景变化，自动在每个编辑点上进行剪切或添加标记。','<p>场景编辑检测</p><p><br></p><p>使用场景编辑检测功能时，Pr 会分析视频，检测拼合素材中的场景变化，自动在每个编辑点上进行剪切或添加标记。</p><p><br></p><p><br></p><p><br></p><p>在时间轴面板的剪辑上右击，选择“场景编辑检测” Scene Edit Detection，或者Pr菜单：剪辑/场景编辑检测。</p><p><br></p><p>如果自动添加的编辑点定位不是很准的话，可使用滚动编辑工具来调整。</p><p><br></p><p>◆&nbsp; ◆&nbsp; ◆</p><p><br></p><p>在节目面板中修剪</p><p><br></p><p>大多数的修剪工作都是为一个切换镜头安排一个最佳的时间点。</p><p><br></p><p>在 Pr 中有三种常用的修剪方式。</p><p><br></p><p>常规修剪</p><p><br></p><p>使用选择工具在剪辑的单侧改变入点或出点。鼠标形状为红色单向箭头。</p><p><br></p><p>滚动修剪</p><p><br></p><p>使用滚动编辑工具更改前剪辑（又称“转入剪辑”，或“ A 边”）的出点，以及后剪辑（又称“转出剪辑”，或“B 边”）的入点，但不会改变序列的持续时间。鼠标形状为红色双向箭头。</p><p><br></p><p>波纹修剪</p><p><br></p><p>使用波纹编辑工具改变剪辑的入点或出点时，不会留下间隙，或者增加剪辑的时长。鼠标形状为黄色单向箭头。</p><p><br></p><p>在节目面板可启用修剪模式，能更直观、高效地进行修剪。</p><p><br></p><p>启用方法：</p><p><br></p><p>1、使用选择工具或修剪工具时，双击时间轴面板上剪辑两侧的任一编辑点。或者，使用选择工具时按住 Ctrl/Cmd 键拖动编辑点。</p><p><br></p><p>提示：使用选择工具按住 Alt/Opt 键双击编辑点，可仅选择视频编辑点，不会改变音频轨道。</p><p><br></p><p>2、使用快捷键：Shift + T</p><p><br></p><p>3、使用波纹编辑工具或滚动编辑工具时拖选一个或多个编辑点。</p><p><br></p><p><br></p><p><br></p><p>说明：</p><p><br></p><p>（1）只用启用了轨道选择器的轨道才能执行修剪操作。</p><p><br></p><p>（2）按住 Ctrl/Cmd 键单击节目面板中任一画面，将快速在常规修剪和波纹修剪之间切换。</p><p><br></p><p>（3）可以使用键盘快捷键或按钮在序列实时播放时进行修剪，称为“动态修剪”。</p><p><br></p><p>（4）按空格键可以循环播放，也可以使用“JKL方式”。</p><p><br></p><p>修剪常用快捷键</p><p><br></p><p><br></p><p><br></p><p>◆&nbsp; ◆&nbsp; ◆</p><p><br></p><p>剪辑的整合</p><p><br></p><p>为了便于项目管理，可以将项目中每个相对独立部分创建成单独的子序列或子剪辑，以形成易于管理的材料元素。</p><p><br></p><p>请参阅《Pr：关于剪辑》。</p><p><br></p><p>◆&nbsp; ◆&nbsp; ◆</p><p><br></p><p>改变剪辑的播放速度</p><p><br></p><p>在更改剪辑的速度或持续时间时，一定要注意它对整个序列可能造成的影响。</p><p><br></p><p>剪辑的播放速度可表现为五种形式：</p><p><br></p><p>1、正常</p><p><br></p><p>2、快进（加速）</p><p><br></p><p>3、慢动作</p><p><br></p><p>4、定格</p><p><br></p><p>5、时快时慢（时间重映射）</p><p><br></p>','1','自学课',NULL,NULL,'/upload/upload/images/2021-06-16pr2.jpg');

#
# Structure for table "tb_teacher"
#

CREATE TABLE `tb_teacher` (
  `Id` int(11) NOT NULL AUTO_INCREMENT,
  `tchname` varchar(255) DEFAULT NULL,
  `tchgender` varchar(255) DEFAULT NULL,
  `tchinfo` varchar(255) DEFAULT NULL COMMENT '教师信息',
  `duty` varchar(255) DEFAULT NULL COMMENT '职务',
  `portrait` varchar(255) DEFAULT NULL COMMENT '头像',
  PRIMARY KEY (`Id`)
) ENGINE=InnoDB AUTO_INCREMENT=15 DEFAULT CHARSET=utf8 COMMENT='教工信息';

#
# Data for table "tb_teacher"
#

INSERT INTO `tb_teacher` VALUES (1,'夜幕','男','年行业经验，参加过多款一线公司项目。擅长角色设定，厚涂插画等。教学思路清晰，逻辑严谨，言简意赅。行业经验丰富，专业知识体系全面，擅长系统化教学设计。','主讲师','/upload/upload/images/jk1.jpg'),(2,'何峰','男','年行业经验，参加过多款一线公司项目。擅长角色设定，厚涂插画等。教学思路清晰，逻辑严谨，言简意赅。行业经验丰富，专业知识体系全面，擅长系统化教学设计。','主讲师','/upload/upload/images/jk1.jpg'),(3,'hy','男','年行业经验，参加过多款一线公司项目。擅长角色设定，厚涂插画等。教学思路清晰，逻辑严谨，言简意赅。行业经验丰富，专业知识体系全面，擅长系统化教学设计。','主讲师','/upload/upload/images/jk1.jpg'),(4,'徐亚','女','年行业经验，参加过多款一线公司项目。擅长角色设定，厚涂插画等。教学思路清晰，逻辑严谨，言简意赅。行业经验丰富，专业知识体系全面，擅长系统化教学设计。','主讲师','/upload/upload/images/jk1.jpg'),(5,'拉拉','女','多年绘画行业从业经验，擅长古风平涂、日系厚涂、写实等多种绘画风格。曾就任多个游戏项目主美，现自由插画师。','讲师','/upload/upload/images/jk1.jpg'),(6,'圈圈','女','多年绘画行业从业经验，擅长古风平涂、日系厚涂、写实等多种绘画风格。曾就任多个游戏项目主美，现自由插画师。','讲师','/upload/upload/images/jk1.jpg'),(7,'2323','女','多年绘画行业从业经验，擅长古风平涂、日系厚涂、写实等多种绘画风格。曾就任多个游戏项目主美，现自由插画师。','讲师','/upload/upload/images/jk1.jpg'),(8,'asds','男','多年绘画行业从业经验，擅长古风平涂、日系厚涂、写实等多种绘画风格。曾就任多个游戏项目主美，现自由插画师。','讲师','/upload/upload/images/jk1.jpg'),(9,'wwq','男','多年绘画行业从业经验，擅长古风平涂、日系厚涂、写实等多种绘画风格。曾就任多个游戏项目主美，现自由插画师。','讲师','/upload/upload/images/jk1.jpg'),(10,'企鹅','男','多年绘画行业从业经验，擅长古风平涂、日系厚涂、写实等多种绘画风格。曾就任多个游戏项目主美，现自由插画师。','讲师','/upload/upload/images/jk1.jpg'),(11,'阿德','男','擅长日系手游设定和插图绘制、日系卡牌和动漫周边用图，经验丰富。','助教','/upload/upload/images/jk1.jpg'),(12,'阿让','男','擅长日系手游设定和插图绘制、日系卡牌和动漫周边用图','助教','/upload/upload/images/jk1.jpg'),(13,'阿斯达','男','擅长日系手游设定和插图绘制、日系卡牌和动漫周边用图','助教','/upload/upload/images/jk1.jpg'),(14,'温柔','女','擅长日系手游设定和插图绘制、日系卡牌和动漫周边用图','助教','/upload/upload/images/jk1.jpg');

#
# Structure for table "tb_user"
#

CREATE TABLE `tb_user` (
  `uid` int(11) NOT NULL AUTO_INCREMENT,
  `account` varchar(255) DEFAULT NULL,
  `password` varchar(255) DEFAULT NULL,
  `username` varchar(255) DEFAULT NULL,
  `gender` varchar(11) DEFAULT NULL,
  `email` varchar(255) DEFAULT NULL,
  `phonenumber` varchar(255) DEFAULT NULL,
  `role` varchar(255) DEFAULT NULL,
  `portrait` varchar(255) DEFAULT NULL COMMENT '头像',
  PRIMARY KEY (`uid`)
) ENGINE=InnoDB AUTO_INCREMENT=9 DEFAULT CHARSET=utf8 COMMENT='用户';

#
# Data for table "tb_user"
#

INSERT INTO `tb_user` VALUES (1,'1001','123456','站到',NULL,NULL,NULL,'admin',NULL),(2,'1002','654321','只是现场',NULL,NULL,NULL,'editor',NULL),(4,'1003','123456',NULL,NULL,NULL,NULL,'editor',NULL),(5,'1004','123456','阿德','男','tsn778@126.com','18705759938','user',NULL),(6,'1005','987654321','reward','男','tsn778@126.com','12313123','user',NULL),(8,'1007','987654','ui','男','asda@qq.com','18705759938','user',NULL);

#
# Structure for table "tb_work"
#

CREATE TABLE `tb_work` (
  `wid` int(11) NOT NULL AUTO_INCREMENT,
  `workname` varchar(255) DEFAULT NULL,
  `author` varchar(255) DEFAULT NULL COMMENT '作者',
  `message` varchar(255) DEFAULT NULL COMMENT '留语',
  `address` varchar(255) DEFAULT NULL COMMENT '所属课程',
  `picpath` varchar(255) DEFAULT NULL COMMENT '文件地址',
  PRIMARY KEY (`wid`)
) ENGINE=InnoDB AUTO_INCREMENT=15 DEFAULT CHARSET=utf8 COMMENT='优秀作品';

#
# Data for table "tb_work"
#

INSERT INTO `tb_work` VALUES (1,'啊实打实','是','设定',NULL,'/upload/upload/images/2021-06-15apic29977.jpg'),(2,'安达市','是','阿',NULL,'/upload/upload/images/2021-06-151920x1080.jpg'),(3,'阿斯达','山东省','爱的','速度','/img/subject5.jpg'),(4,'阿斯达','是多少','爱的','阿达的','/img/subject2.jpg'),(6,'多少',NULL,NULL,NULL,'/img/class2.jpg'),(10,'奥术大师大所大',NULL,NULL,NULL,'/img/work2.png'),(11,'水电费是',NULL,NULL,NULL,'/img/subject2.jpg'),(12,'大幅度',NULL,NULL,NULL,'/img/subject4.png'),(13,'大幅度发',NULL,NULL,NULL,'/img/class1.jpg'),(14,'大幅度发额',NULL,NULL,NULL,'/img/subject3.png');
